LANGUAGE,REFERENCE GROUP,REFERENCE ASSOCIATION,REFERENCE WORD,TARGET GROUP,TARGET WORD,COSINE SIMILARITY
en,nouns,neuter,toaster,genders,man,0.53028953
en,nouns,neuter,moon,genders,man,1.0000001
en,nouns,neuter,broom,genders,man,0.5615912
en,nouns,neuter,whale,genders,man,0.60828644
en,nouns,neuter,fork,genders,man,0.59406817
en,nouns,neuter,mouse,genders,man,1.0000001
en,nouns,neuter,snail,genders,man,1.0000001
en,nouns,neuter,cat,genders,man,1.0000001
en,nouns,neuter,spoon,genders,man,0.5626024
en,nouns,neuter,sock,genders,man,0.5562785
en,nouns,neuter,bean,genders,man,0.57031983
en,nouns,neuter,soap,genders,man,1.0000001
en,nouns,neuter,rock,genders,man,1.0000001
en,nouns,neuter,toilet,genders,man,0.54510814
en,nouns,neuter,rain,genders,man,1.0000001
en,nouns,neuter,underpants,genders,man,0.43457565
en,nouns,neuter,pants,genders,man,0.5613498
en,nouns,neuter,tail,genders,man,1.0000001
en,nouns,neuter,lip,genders,man,0.55836266
en,nouns,neuter,butterfly,genders,man,1.0000001
en,nouns,neuter,fish,genders,man,1.0000001
en,nouns,neuter,boot,genders,man,1.0000001
en,nouns,neuter,apple,genders,man,0.5510975
en,nouns,neuter,sun,genders,man,1.0000001
en,nouns,neuter,diaper,genders,man,0.54350185
en,nouns,neuter,bumblebee,genders,man,0.3911192
en,nouns,neuter,frog,genders,man,0.5277851
en,nouns,neuter,spaghetti,genders,man,0.39311522
en,nouns,neuter,toothbrush,genders,man,0.34396046
en,nouns,neuter,pea,genders,man,0.5580747
en,nouns,neuter,lettuce,genders,man,0.5560211
en,nouns,neuter,wall,genders,man,1.0000001
en,nouns,neuter,clock,genders,man,1.0000001
en,nouns,neuter,dirt,genders,man,0.5330698
en,nouns,neuter,dresser,genders,man,0.52872604
en,nouns,neuter,sidewalk,genders,man,0.541018
en,nouns,neuter,washcloth,genders,man,0.35743165
en,nouns,neuter,stove,genders,man,0.571439
en,nouns,neuter,tomato,genders,man,0.56901455
en,nouns,neuter,sand,genders,man,1.0000001
en,nouns,neuter,lemon,genders,man,0.5780465
en,nouns,neuter,noodle,genders,man,0.4117177
en,nouns,neuter,box,genders,man,1.0000001
en,nouns,neuter,candy,genders,man,0.5220772
en,nouns,neuter,sandbox,genders,man,0.5432883
en,nouns,neuter,snow,genders,man,1.0000001
en,nouns,neuter,bench,genders,man,1.0000001
en,nouns,neuter,drum,genders,man,1.0000001
en,nouns,neuter,shoulder,genders,man,1.0000001
en,nouns,neuter,table,genders,man,1.0000001
en,nouns,neuter,bowl,genders,man,1.0000001
en,nouns,neuter,pancake,genders,man,0.4115435
en,nouns,neuter,fist,genders,man,0.5277291
en,nouns,neuter,pajamas,genders,man,0.5463516
en,nouns,neuter,button,genders,man,0.57676023
en,nouns,neuter,toast,genders,man,0.53028953
en,nouns,neuter,sponge,genders,man,0.5626024
en,nouns,neuter,couch,genders,man,0.54333067
en,nouns,neuter,cage,genders,man,0.5502643
en,nouns,neuter,mattress,genders,man,0.5453615
en,nouns,neuter,seesaw,genders,man,0.5371227
en,nouns,neuter,necklace,genders,man,0.55874646
en,nouns,neuter,melon,genders,man,0.5470483
en,nouns,neuter,ladybug,genders,man,0.3856022
en,nouns,neuter,pumpkin,genders,man,0.5480312
en,nouns,neuter,star,genders,man,1.0000001
en,nouns,neuter,pinecone,genders,man,0.53672945
en,nouns,neuter,stripe,genders,man,0.5330131
en,nouns,neuter,plane,genders,man,1.0000001
en,nouns,neuter,chair,genders,man,1.0000001
en,nouns,neuter,chest,genders,man,1.0000001
en,nouns,neuter,movie,genders,man,1.0000001
en,nouns,neuter,wing,genders,man,1.0000001
en,nouns,neuter,ceiling,genders,man,1.0000001
en,nouns,neuter,barn,genders,man,1.0000001
en,nouns,neuter,burger,genders,man,0.5556721
en,nouns,neuter,peanut,genders,man,0.5580747
en,nouns,neuter,fingernail,genders,man,0.4108844
en,nouns,neuter,head,genders,man,1.0000001
en,nouns,neuter,key,genders,man,1.0000001
en,nouns,neuter,bridge,genders,man,1.0000001
en,nouns,neuter,belly,genders,man,0.5403239
en,nouns,neuter,toaster,genders,woman,0.53028953
en,nouns,neuter,moon,genders,woman,1.0000001
en,nouns,neuter,broom,genders,woman,0.5615912
en,nouns,neuter,whale,genders,woman,0.60828644
en,nouns,neuter,fork,genders,woman,0.59406817
en,nouns,neuter,mouse,genders,woman,1.0000001
en,nouns,neuter,snail,genders,woman,1.0000001
en,nouns,neuter,cat,genders,woman,1.0000001
en,nouns,neuter,spoon,genders,woman,0.5626024
en,nouns,neuter,sock,genders,woman,0.5562785
en,nouns,neuter,bean,genders,woman,0.57031983
en,nouns,neuter,soap,genders,woman,1.0000001
en,nouns,neuter,rock,genders,woman,1.0000001
en,nouns,neuter,toilet,genders,woman,0.54510814
en,nouns,neuter,rain,genders,woman,1.0000001
en,nouns,neuter,underpants,genders,woman,0.43457565
en,nouns,neuter,pants,genders,woman,0.5613498
en,nouns,neuter,tail,genders,woman,1.0000001
en,nouns,neuter,lip,genders,woman,0.55836266
en,nouns,neuter,butterfly,genders,woman,1.0000001
en,nouns,neuter,fish,genders,woman,1.0000001
en,nouns,neuter,boot,genders,woman,1.0000001
en,nouns,neuter,apple,genders,woman,0.5510975
en,nouns,neuter,sun,genders,woman,1.0000001
en,nouns,neuter,diaper,genders,woman,0.54350185
en,nouns,neuter,bumblebee,genders,woman,0.3911192
en,nouns,neuter,frog,genders,woman,0.5277851
en,nouns,neuter,spaghetti,genders,woman,0.39311522
en,nouns,neuter,toothbrush,genders,woman,0.34396046
en,nouns,neuter,pea,genders,woman,0.5580747
en,nouns,neuter,lettuce,genders,woman,0.5560211
en,nouns,neuter,wall,genders,woman,1.0000001
en,nouns,neuter,clock,genders,woman,1.0000001
en,nouns,neuter,dirt,genders,woman,0.5330698
en,nouns,neuter,dresser,genders,woman,0.52872604
en,nouns,neuter,sidewalk,genders,woman,0.541018
en,nouns,neuter,washcloth,genders,woman,0.35743165
en,nouns,neuter,stove,genders,woman,0.571439
en,nouns,neuter,tomato,genders,woman,0.56901455
en,nouns,neuter,sand,genders,woman,1.0000001
en,nouns,neuter,lemon,genders,woman,0.5780465
en,nouns,neuter,noodle,genders,woman,0.4117177
en,nouns,neuter,box,genders,woman,1.0000001
en,nouns,neuter,candy,genders,woman,0.5220772
en,nouns,neuter,sandbox,genders,woman,0.5432883
en,nouns,neuter,snow,genders,woman,1.0000001
en,nouns,neuter,bench,genders,woman,1.0000001
en,nouns,neuter,drum,genders,woman,1.0000001
en,nouns,neuter,shoulder,genders,woman,1.0000001
en,nouns,neuter,table,genders,woman,1.0000001
en,nouns,neuter,bowl,genders,woman,1.0000001
en,nouns,neuter,pancake,genders,woman,0.4115435
en,nouns,neuter,fist,genders,woman,0.5277291
en,nouns,neuter,pajamas,genders,woman,0.5463516
en,nouns,neuter,button,genders,woman,0.57676023
en,nouns,neuter,toast,genders,woman,0.53028953
en,nouns,neuter,sponge,genders,woman,0.5626024
en,nouns,neuter,couch,genders,woman,0.54333067
en,nouns,neuter,cage,genders,woman,0.5502643
en,nouns,neuter,mattress,genders,woman,0.5453615
en,nouns,neuter,seesaw,genders,woman,0.5371227
en,nouns,neuter,necklace,genders,woman,0.55874646
en,nouns,neuter,melon,genders,woman,0.5470483
en,nouns,neuter,ladybug,genders,woman,0.3856022
en,nouns,neuter,pumpkin,genders,woman,0.5480312
en,nouns,neuter,star,genders,woman,1.0000001
en,nouns,neuter,pinecone,genders,woman,0.53672945
en,nouns,neuter,stripe,genders,woman,0.5330131
en,nouns,neuter,plane,genders,woman,1.0000001
en,nouns,neuter,chair,genders,woman,1.0000001
en,nouns,neuter,chest,genders,woman,1.0000001
en,nouns,neuter,movie,genders,woman,1.0000001
en,nouns,neuter,wing,genders,woman,1.0000001
en,nouns,neuter,ceiling,genders,woman,1.0000001
en,nouns,neuter,barn,genders,woman,1.0000001
en,nouns,neuter,burger,genders,woman,0.5556721
en,nouns,neuter,peanut,genders,woman,0.5580747
en,nouns,neuter,fingernail,genders,woman,0.4108844
en,nouns,neuter,head,genders,woman,1.0000001
en,nouns,neuter,key,genders,woman,1.0000001
en,nouns,neuter,bridge,genders,woman,1.0000001
en,nouns,neuter,belly,genders,woman,0.5403239
en,nouns,neuter,toaster,determiners,the,0.53028953
en,nouns,neuter,moon,determiners,the,1.0000001
en,nouns,neuter,broom,determiners,the,0.5615912
en,nouns,neuter,whale,determiners,the,0.60828644
en,nouns,neuter,fork,determiners,the,0.59406817
en,nouns,neuter,mouse,determiners,the,1.0000001
en,nouns,neuter,snail,determiners,the,1.0000001
en,nouns,neuter,cat,determiners,the,1.0000001
en,nouns,neuter,spoon,determiners,the,0.5626024
en,nouns,neuter,sock,determiners,the,0.5562785
en,nouns,neuter,bean,determiners,the,0.57031983
en,nouns,neuter,soap,determiners,the,1.0000001
en,nouns,neuter,rock,determiners,the,1.0000001
en,nouns,neuter,toilet,determiners,the,0.54510814
en,nouns,neuter,rain,determiners,the,1.0000001
en,nouns,neuter,underpants,determiners,the,0.43457565
en,nouns,neuter,pants,determiners,the,0.5613498
en,nouns,neuter,tail,determiners,the,1.0000001
en,nouns,neuter,lip,determiners,the,0.55836266
en,nouns,neuter,butterfly,determiners,the,1.0000001
en,nouns,neuter,fish,determiners,the,1.0000001
en,nouns,neuter,boot,determiners,the,1.0000001
en,nouns,neuter,apple,determiners,the,0.5510975
en,nouns,neuter,sun,determiners,the,1.0000001
en,nouns,neuter,diaper,determiners,the,0.54350185
en,nouns,neuter,bumblebee,determiners,the,0.3911192
en,nouns,neuter,frog,determiners,the,0.5277851
en,nouns,neuter,spaghetti,determiners,the,0.39311522
en,nouns,neuter,toothbrush,determiners,the,0.34396046
en,nouns,neuter,pea,determiners,the,0.5580747
en,nouns,neuter,lettuce,determiners,the,0.5560211
en,nouns,neuter,wall,determiners,the,1.0000001
en,nouns,neuter,clock,determiners,the,1.0000001
en,nouns,neuter,dirt,determiners,the,0.5330698
en,nouns,neuter,dresser,determiners,the,0.52872604
en,nouns,neuter,sidewalk,determiners,the,0.541018
en,nouns,neuter,washcloth,determiners,the,0.35743165
en,nouns,neuter,stove,determiners,the,0.571439
en,nouns,neuter,tomato,determiners,the,0.56901455
en,nouns,neuter,sand,determiners,the,1.0000001
en,nouns,neuter,lemon,determiners,the,0.5780465
en,nouns,neuter,noodle,determiners,the,0.4117177
en,nouns,neuter,box,determiners,the,1.0000001
en,nouns,neuter,candy,determiners,the,0.5220772
en,nouns,neuter,sandbox,determiners,the,0.5432883
en,nouns,neuter,snow,determiners,the,1.0000001
en,nouns,neuter,bench,determiners,the,1.0000001
en,nouns,neuter,drum,determiners,the,1.0000001
en,nouns,neuter,shoulder,determiners,the,1.0000001
en,nouns,neuter,table,determiners,the,1.0000001
en,nouns,neuter,bowl,determiners,the,1.0000001
en,nouns,neuter,pancake,determiners,the,0.4115435
en,nouns,neuter,fist,determiners,the,0.5277291
en,nouns,neuter,pajamas,determiners,the,0.5463516
en,nouns,neuter,button,determiners,the,0.57676023
en,nouns,neuter,toast,determiners,the,0.53028953
en,nouns,neuter,sponge,determiners,the,0.5626024
en,nouns,neuter,couch,determiners,the,0.54333067
en,nouns,neuter,cage,determiners,the,0.5502643
en,nouns,neuter,mattress,determiners,the,0.5453615
en,nouns,neuter,seesaw,determiners,the,0.5371227
en,nouns,neuter,necklace,determiners,the,0.55874646
en,nouns,neuter,melon,determiners,the,0.5470483
en,nouns,neuter,ladybug,determiners,the,0.3856022
en,nouns,neuter,pumpkin,determiners,the,0.5480312
en,nouns,neuter,star,determiners,the,1.0000001
en,nouns,neuter,pinecone,determiners,the,0.53672945
en,nouns,neuter,stripe,determiners,the,0.5330131
en,nouns,neuter,plane,determiners,the,1.0000001
en,nouns,neuter,chair,determiners,the,1.0000001
en,nouns,neuter,chest,determiners,the,1.0000001
en,nouns,neuter,movie,determiners,the,1.0000001
en,nouns,neuter,wing,determiners,the,1.0000001
en,nouns,neuter,ceiling,determiners,the,1.0000001
en,nouns,neuter,barn,determiners,the,1.0000001
en,nouns,neuter,burger,determiners,the,0.5556721
en,nouns,neuter,peanut,determiners,the,0.5580747
en,nouns,neuter,fingernail,determiners,the,0.4108844
en,nouns,neuter,head,determiners,the,1.0000001
en,nouns,neuter,key,determiners,the,1.0000001
en,nouns,neuter,bridge,determiners,the,1.0000001
en,nouns,neuter,belly,determiners,the,0.5403239
en,adjectives,masculine,young,genders,man,1.0000001
en,adjectives,masculine,bald-headed,genders,man,0.44757956
en,adjectives,masculine,heavyset,genders,man,0.55197245
en,adjectives,masculine,bearded,genders,man,0.530826
en,adjectives,masculine,middle-aged,genders,man,0.44273898
en,adjectives,masculine,handsome,genders,man,0.5448236
en,adjectives,masculine,white-haired,genders,man,0.35468185
en,adjectives,masculine,virile,genders,man,0.5473571
en,adjectives,masculine,well-dressed,genders,man,0.438889
en,adjectives,masculine,burly,genders,man,0.5556721
en,adjectives,masculine,bastard,genders,man,0.5373083
en,adjectives,masculine,manlike,genders,man,0.54245025
en,adjectives,masculine,manly,genders,man,0.54245025
en,adjectives,masculine,rascal,genders,man,0.5469824
en,adjectives,masculine,God-fearing,genders,man,0.35224965
en,adjectives,masculine,dark-haired,genders,man,0.34070578
en,adjectives,masculine,full-bearded,genders,man,0.34347525
en,adjectives,masculine,portly,genders,man,0.5318206
en,adjectives,masculine,one-eyed,genders,man,0.34162816
en,adjectives,masculine,good-looking,genders,man,0.44365534
en,adjectives,masculine,male,genders,man,1.0000001
en,adjectives,masculine,broad-shouldered,genders,man,0.34546545
en,adjectives,masculine,beast,genders,man,0.57031983
en,adjectives,masculine,youngish,genders,man,0.5462659
en,adjectives,masculine,grey-haired,genders,man,0.3489193
en,adjectives,masculine,bespectacled,genders,man,0.33371988
en,adjectives,masculine,goateed,genders,man,0.40853038
en,adjectives,masculine,balding,genders,man,0.5364258
en,adjectives,masculine,bull-necked,genders,man,0.29186305
en,adjectives,masculine,lantern-jawed,genders,man,0.26878926
en,adjectives,masculine,sixtyish,genders,man,0.54333043
en,adjectives,masculine,fine-looking,genders,man,0.44952184
en,adjectives,masculine,assailant,genders,man,0.5524263
en,adjectives,masculine,kind-hearted,genders,man,0.3123544
en,adjectives,masculine,silver-haired,genders,man,0.35275352
en,adjectives,masculine,dapper,genders,man,0.5822434
en,adjectives,masculine,black-haired,genders,man,0.3431304
en,adjectives,masculine,hunky,genders,man,0.5369526
en,adjectives,masculine,lion-hearted,genders,man,0.34324905
en,adjectives,masculine,septuagenarian,genders,man,0.3511376
en,adjectives,masculine,schoolboy,genders,man,0.547114
en,adjectives,masculine,studly,genders,man,0.4044865
en,adjectives,masculine,self-made,genders,man,0.44229817
en,adjectives,masculine,red-haired,genders,man,0.3646517
en,adjectives,masculine,reverend,genders,man,0.39344212
en,adjectives,masculine,beer-bellied,genders,man,0.31886834
en,adjectives,masculine,ginger-haired,genders,man,0.31191206
en,adjectives,masculine,moustached,genders,man,0.4152623
en,adjectives,masculine,thick-set,genders,man,0.45822632
en,adjectives,masculine,coward,genders,man,0.54333067
en,adjectives,masculine,paraplegic,genders,man,0.414001
en,adjectives,masculine,paunchy,genders,man,0.41172692
en,adjectives,masculine,blond,genders,man,0.5495396
en,adjectives,masculine,true-hearted,genders,man,0.3390825
en,adjectives,masculine,gentle-hearted,genders,man,0.29162633
en,adjectives,masculine,macho,genders,man,1.0000001
en,adjectives,masculine,weakling,genders,man,0.55327934
en,adjectives,masculine,ruffian,genders,man,0.3928333
en,adjectives,masculine,fiftyish,genders,man,0.5526393
en,adjectives,masculine,chivalrous,genders,man,0.4129762
en,adjectives,masculine,octogenarian,genders,man,0.33987162
en,adjectives,masculine,stocky,genders,man,0.54413915
en,adjectives,masculine,barrel-chested,genders,man,0.35322526
en,adjectives,masculine,clean-shaven,genders,man,0.3409092
en,adjectives,masculine,well-spoken,genders,man,0.438889
en,adjectives,masculine,brawny,genders,man,0.5378743
en,adjectives,masculine,one-armed,genders,man,0.44370702
en,adjectives,masculine,shlubby,genders,man,0.4107503
en,adjectives,masculine,bewhiskered,genders,man,0.27434048
en,adjectives,masculine,metrosexual,genders,man,0.3902498
en,adjectives,masculine,genius,genders,man,0.5400074
en,adjectives,masculine,fair-haired,genders,man,0.3515338
en,adjectives,masculine,fortyish,genders,man,0.5370784
en,adjectives,masculine,unshaven,genders,man,0.5339014
en,adjectives,masculine,grandfatherly,genders,man,0.5446723
en,adjectives,masculine,red-blooded,genders,man,0.36205074
en,adjectives,masculine,long-haired,genders,man,0.34079283
en,adjectives,masculine,bald,genders,man,1.0000001
en,adjectives,masculine,hunchbacked,genders,man,0.3235286
en,adjectives,masculine,year-old,genders,man,0.43230307
en,adjectives,masculine,bullet-headed,genders,man,0.3494707
en,adjectives,masculine,young,genders,woman,1.0000001
en,adjectives,masculine,bald-headed,genders,woman,0.44757956
en,adjectives,masculine,heavyset,genders,woman,0.55197245
en,adjectives,masculine,bearded,genders,woman,0.530826
en,adjectives,masculine,middle-aged,genders,woman,0.44273898
en,adjectives,masculine,handsome,genders,woman,0.5448236
en,adjectives,masculine,white-haired,genders,woman,0.35468185
en,adjectives,masculine,virile,genders,woman,0.5473571
en,adjectives,masculine,well-dressed,genders,woman,0.438889
en,adjectives,masculine,burly,genders,woman,0.5556721
en,adjectives,masculine,bastard,genders,woman,0.5373083
en,adjectives,masculine,manlike,genders,woman,0.54245025
en,adjectives,masculine,manly,genders,woman,0.54245025
en,adjectives,masculine,rascal,genders,woman,0.5469824
en,adjectives,masculine,God-fearing,genders,woman,0.35224965
en,adjectives,masculine,dark-haired,genders,woman,0.34070578
en,adjectives,masculine,full-bearded,genders,woman,0.34347525
en,adjectives,masculine,portly,genders,woman,0.5318206
en,adjectives,masculine,one-eyed,genders,woman,0.34162816
en,adjectives,masculine,good-looking,genders,woman,0.44365534
en,adjectives,masculine,male,genders,woman,1.0000001
en,adjectives,masculine,broad-shouldered,genders,woman,0.34546545
en,adjectives,masculine,beast,genders,woman,0.57031983
en,adjectives,masculine,youngish,genders,woman,0.5462659
en,adjectives,masculine,grey-haired,genders,woman,0.3489193
en,adjectives,masculine,bespectacled,genders,woman,0.33371988
en,adjectives,masculine,goateed,genders,woman,0.40853038
en,adjectives,masculine,balding,genders,woman,0.5364258
en,adjectives,masculine,bull-necked,genders,woman,0.29186305
en,adjectives,masculine,lantern-jawed,genders,woman,0.26878926
en,adjectives,masculine,sixtyish,genders,woman,0.54333043
en,adjectives,masculine,fine-looking,genders,woman,0.44952184
en,adjectives,masculine,assailant,genders,woman,0.5524263
en,adjectives,masculine,kind-hearted,genders,woman,0.3123544
en,adjectives,masculine,silver-haired,genders,woman,0.35275352
en,adjectives,masculine,dapper,genders,woman,0.5822434
en,adjectives,masculine,black-haired,genders,woman,0.3431304
en,adjectives,masculine,hunky,genders,woman,0.5369526
en,adjectives,masculine,lion-hearted,genders,woman,0.34324905
en,adjectives,masculine,septuagenarian,genders,woman,0.3511376
en,adjectives,masculine,schoolboy,genders,woman,0.547114
en,adjectives,masculine,studly,genders,woman,0.4044865
en,adjectives,masculine,self-made,genders,woman,0.44229817
en,adjectives,masculine,red-haired,genders,woman,0.3646517
en,adjectives,masculine,reverend,genders,woman,0.39344212
en,adjectives,masculine,beer-bellied,genders,woman,0.31886834
en,adjectives,masculine,ginger-haired,genders,woman,0.31191206
en,adjectives,masculine,moustached,genders,woman,0.4152623
en,adjectives,masculine,thick-set,genders,woman,0.45822632
en,adjectives,masculine,coward,genders,woman,0.54333067
en,adjectives,masculine,paraplegic,genders,woman,0.414001
en,adjectives,masculine,paunchy,genders,woman,0.41172692
en,adjectives,masculine,blond,genders,woman,0.5495396
en,adjectives,masculine,true-hearted,genders,woman,0.3390825
en,adjectives,masculine,gentle-hearted,genders,woman,0.29162633
en,adjectives,masculine,macho,genders,woman,1.0000001
en,adjectives,masculine,weakling,genders,woman,0.55327934
en,adjectives,masculine,ruffian,genders,woman,0.3928333
en,adjectives,masculine,fiftyish,genders,woman,0.5526393
en,adjectives,masculine,chivalrous,genders,woman,0.4129762
en,adjectives,masculine,octogenarian,genders,woman,0.33987162
en,adjectives,masculine,stocky,genders,woman,0.54413915
en,adjectives,masculine,barrel-chested,genders,woman,0.35322526
en,adjectives,masculine,clean-shaven,genders,woman,0.3409092
en,adjectives,masculine,well-spoken,genders,woman,0.438889
en,adjectives,masculine,brawny,genders,woman,0.5378743
en,adjectives,masculine,one-armed,genders,woman,0.44370702
en,adjectives,masculine,shlubby,genders,woman,0.4107503
en,adjectives,masculine,bewhiskered,genders,woman,0.27434048
en,adjectives,masculine,metrosexual,genders,woman,0.3902498
en,adjectives,masculine,genius,genders,woman,0.5400074
en,adjectives,masculine,fair-haired,genders,woman,0.3515338
en,adjectives,masculine,fortyish,genders,woman,0.5370784
en,adjectives,masculine,unshaven,genders,woman,0.5339014
en,adjectives,masculine,grandfatherly,genders,woman,0.5446723
en,adjectives,masculine,red-blooded,genders,woman,0.36205074
en,adjectives,masculine,long-haired,genders,woman,0.34079283
en,adjectives,masculine,bald,genders,woman,1.0000001
en,adjectives,masculine,hunchbacked,genders,woman,0.3235286
en,adjectives,masculine,year-old,genders,woman,0.43230307
en,adjectives,masculine,bullet-headed,genders,woman,0.3494707
en,adjectives,masculine,young,determiners,the,1.0000001
en,adjectives,masculine,bald-headed,determiners,the,0.44757956
en,adjectives,masculine,heavyset,determiners,the,0.55197245
en,adjectives,masculine,bearded,determiners,the,0.530826
en,adjectives,masculine,middle-aged,determiners,the,0.44273898
en,adjectives,masculine,handsome,determiners,the,0.5448236
en,adjectives,masculine,white-haired,determiners,the,0.35468185
en,adjectives,masculine,virile,determiners,the,0.5473571
en,adjectives,masculine,well-dressed,determiners,the,0.438889
en,adjectives,masculine,burly,determiners,the,0.5556721
en,adjectives,masculine,bastard,determiners,the,0.5373083
en,adjectives,masculine,manlike,determiners,the,0.54245025
en,adjectives,masculine,manly,determiners,the,0.54245025
en,adjectives,masculine,rascal,determiners,the,0.5469824
en,adjectives,masculine,God-fearing,determiners,the,0.35224965
en,adjectives,masculine,dark-haired,determiners,the,0.34070578
en,adjectives,masculine,full-bearded,determiners,the,0.34347525
en,adjectives,masculine,portly,determiners,the,0.5318206
en,adjectives,masculine,one-eyed,determiners,the,0.34162816
en,adjectives,masculine,good-looking,determiners,the,0.44365534
en,adjectives,masculine,male,determiners,the,1.0000001
en,adjectives,masculine,broad-shouldered,determiners,the,0.34546545
en,adjectives,masculine,beast,determiners,the,0.57031983
en,adjectives,masculine,youngish,determiners,the,0.5462659
en,adjectives,masculine,grey-haired,determiners,the,0.3489193
en,adjectives,masculine,bespectacled,determiners,the,0.33371988
en,adjectives,masculine,goateed,determiners,the,0.40853038
en,adjectives,masculine,balding,determiners,the,0.5364258
en,adjectives,masculine,bull-necked,determiners,the,0.29186305
en,adjectives,masculine,lantern-jawed,determiners,the,0.26878926
en,adjectives,masculine,sixtyish,determiners,the,0.54333043
en,adjectives,masculine,fine-looking,determiners,the,0.44952184
en,adjectives,masculine,assailant,determiners,the,0.5524263
en,adjectives,masculine,kind-hearted,determiners,the,0.3123544
en,adjectives,masculine,silver-haired,determiners,the,0.35275352
en,adjectives,masculine,dapper,determiners,the,0.5822434
en,adjectives,masculine,black-haired,determiners,the,0.3431304
en,adjectives,masculine,hunky,determiners,the,0.5369526
en,adjectives,masculine,lion-hearted,determiners,the,0.34324905
en,adjectives,masculine,septuagenarian,determiners,the,0.3511376
en,adjectives,masculine,schoolboy,determiners,the,0.547114
en,adjectives,masculine,studly,determiners,the,0.4044865
en,adjectives,masculine,self-made,determiners,the,0.44229817
en,adjectives,masculine,red-haired,determiners,the,0.3646517
en,adjectives,masculine,reverend,determiners,the,0.39344212
en,adjectives,masculine,beer-bellied,determiners,the,0.31886834
en,adjectives,masculine,ginger-haired,determiners,the,0.31191206
en,adjectives,masculine,moustached,determiners,the,0.4152623
en,adjectives,masculine,thick-set,determiners,the,0.45822632
en,adjectives,masculine,coward,determiners,the,0.54333067
en,adjectives,masculine,paraplegic,determiners,the,0.414001
en,adjectives,masculine,paunchy,determiners,the,0.41172692
en,adjectives,masculine,blond,determiners,the,0.5495396
en,adjectives,masculine,true-hearted,determiners,the,0.3390825
en,adjectives,masculine,gentle-hearted,determiners,the,0.29162633
en,adjectives,masculine,macho,determiners,the,1.0000001
en,adjectives,masculine,weakling,determiners,the,0.55327934
en,adjectives,masculine,ruffian,determiners,the,0.3928333
en,adjectives,masculine,fiftyish,determiners,the,0.5526393
en,adjectives,masculine,chivalrous,determiners,the,0.4129762
en,adjectives,masculine,octogenarian,determiners,the,0.33987162
en,adjectives,masculine,stocky,determiners,the,0.54413915
en,adjectives,masculine,barrel-chested,determiners,the,0.35322526
en,adjectives,masculine,clean-shaven,determiners,the,0.3409092
en,adjectives,masculine,well-spoken,determiners,the,0.438889
en,adjectives,masculine,brawny,determiners,the,0.5378743
en,adjectives,masculine,one-armed,determiners,the,0.44370702
en,adjectives,masculine,shlubby,determiners,the,0.4107503
en,adjectives,masculine,bewhiskered,determiners,the,0.27434048
en,adjectives,masculine,metrosexual,determiners,the,0.3902498
en,adjectives,masculine,genius,determiners,the,0.5400074
en,adjectives,masculine,fair-haired,determiners,the,0.3515338
en,adjectives,masculine,fortyish,determiners,the,0.5370784
en,adjectives,masculine,unshaven,determiners,the,0.5339014
en,adjectives,masculine,grandfatherly,determiners,the,0.5446723
en,adjectives,masculine,red-blooded,determiners,the,0.36205074
en,adjectives,masculine,long-haired,determiners,the,0.34079283
en,adjectives,masculine,bald,determiners,the,1.0000001
en,adjectives,masculine,hunchbacked,determiners,the,0.3235286
en,adjectives,masculine,year-old,determiners,the,0.43230307
en,adjectives,masculine,bullet-headed,determiners,the,0.3494707
en,adjectives,feminine,female,genders,man,1.0000001
en,adjectives,feminine,pregnant,genders,man,1.0000001
en,adjectives,feminine,unmarried,genders,man,0.5813443
en,adjectives,feminine,feminist,genders,man,1.0000001
en,adjectives,feminine,nymphomaniac,genders,man,0.26147223
en,adjectives,feminine,married,genders,man,1.0000001
en,adjectives,feminine,widowed,genders,man,0.53824216
en,adjectives,feminine,womanly,genders,man,0.5701927
en,adjectives,feminine,matronly,genders,man,0.40319487
en,adjectives,feminine,full-figured,genders,man,0.33458418
en,adjectives,feminine,lesbian,genders,man,0.5775275
en,adjectives,feminine,raven-haired,genders,man,0.2901184
en,adjectives,feminine,grandmotherly,genders,man,0.5637186
en,adjectives,feminine,butchy,genders,man,0.57676023
en,adjectives,feminine,womenless,genders,man,0.5538207
en,adjectives,feminine,blonde,genders,man,0.5495396
en,adjectives,feminine,strong-minded,genders,man,0.34494928
en,adjectives,feminine,childless,genders,man,0.54195714
en,adjectives,feminine,newlywed,genders,man,0.5609761
en,adjectives,feminine,teenage,genders,man,0.52614415
en,adjectives,feminine,strong-willed,genders,man,0.33461398
en,adjectives,feminine,bare-breasted,genders,man,0.3599946
en,adjectives,feminine,mid-aged,genders,man,0.43684375
en,adjectives,feminine,adulterous,genders,man,0.5435003
en,adjectives,feminine,womanlike,genders,man,0.5701927
en,adjectives,feminine,Filipina,genders,man,1.0000001
en,adjectives,feminine,brunette,genders,man,0.5347291
en,adjectives,feminine,horse-faced,genders,man,0.45122388
en,adjectives,feminine,protofeminist,genders,man,0.32863823
en,adjectives,feminine,marriageable,genders,man,0.5371943
en,adjectives,feminine,thirtyish,genders,man,0.54706943
en,adjectives,feminine,mannish,genders,man,0.54242885
en,adjectives,feminine,harlot,genders,man,0.5525911
en,adjectives,feminine,misogynist,genders,man,0.42269015
en,adjectives,feminine,male-dominated,genders,man,0.4552317
en,adjectives,feminine,manless,genders,man,0.54245025
en,adjectives,feminine,half-naked,genders,man,0.3677721
en,adjectives,feminine,womanless,genders,man,0.5701927
en,adjectives,feminine,red-headed,genders,man,0.44912332
en,adjectives,feminine,transexual,genders,man,0.41027236
en,adjectives,feminine,voluptuous,genders,man,0.29950824
en,adjectives,feminine,sexy,genders,man,0.52839273
en,adjectives,feminine,unfeminist,genders,man,0.3222527
en,adjectives,feminine,hermaphrodite,genders,man,0.28449988
en,adjectives,feminine,feministic,genders,man,0.5273381
en,adjectives,feminine,butch,genders,man,0.57676023
en,adjectives,feminine,betrothed,genders,man,0.36147466
en,adjectives,feminine,self-possessed,genders,man,0.3475081
en,adjectives,feminine,unwed,genders,man,0.5813443
en,adjectives,feminine,husbandless,genders,man,0.53889924
en,adjectives,feminine,statuesque,genders,man,0.5420794
en,adjectives,feminine,unmarriageable,genders,man,0.26820093
en,adjectives,feminine,waiflike,genders,man,0.39331892
en,adjectives,feminine,transgender,genders,man,0.57751346
en,adjectives,feminine,teen,genders,man,1.0000001
en,adjectives,feminine,womanist,genders,man,0.5701927
en,adjectives,feminine,androgynous,genders,man,0.34180427
en,adjectives,feminine,anti-feminist,genders,man,0.43355235
en,adjectives,feminine,virginal,genders,man,0.5371122
en,adjectives,feminine,accosted,genders,man,0.39763427
en,adjectives,feminine,feminine,genders,man,0.39393955
en,adjectives,feminine,miniskirted,genders,man,0.34012902
en,adjectives,feminine,bare-shouldered,genders,man,0.33944532
en,adjectives,feminine,unpregnant,genders,man,0.4108305
en,adjectives,feminine,plus-size,genders,man,0.4277859
en,adjectives,feminine,wheelchair-bound,genders,man,0.29305378
en,adjectives,feminine,unfaithful,genders,man,0.3340712
en,adjectives,feminine,chauvinist,genders,man,0.2780593
en,adjectives,feminine,femme,genders,man,1.0000001
en,adjectives,feminine,patriarchal,genders,man,0.40824994
en,adjectives,feminine,cisgendered,genders,man,0.3415042
en,adjectives,feminine,sexist,genders,man,0.52839273
en,adjectives,feminine,high-born,genders,man,0.425666
en,adjectives,feminine,buxom,genders,man,0.40474734
en,adjectives,feminine,bisexual,genders,man,0.38440225
en,adjectives,feminine,objectified,genders,man,0.54219645
en,adjectives,feminine,big-breasted,genders,man,0.37603486
en,adjectives,feminine,hazel-eyed,genders,man,0.29595914
en,adjectives,feminine,trampy,genders,man,0.54588896
en,adjectives,feminine,well-educated,genders,man,0.438889
en,adjectives,feminine,female,genders,woman,1.0000001
en,adjectives,feminine,pregnant,genders,woman,1.0000001
en,adjectives,feminine,unmarried,genders,woman,0.5813443
en,adjectives,feminine,feminist,genders,woman,1.0000001
en,adjectives,feminine,nymphomaniac,genders,woman,0.26147223
en,adjectives,feminine,married,genders,woman,1.0000001
en,adjectives,feminine,widowed,genders,woman,0.53824216
en,adjectives,feminine,womanly,genders,woman,0.5701927
en,adjectives,feminine,matronly,genders,woman,0.40319487
en,adjectives,feminine,full-figured,genders,woman,0.33458418
en,adjectives,feminine,lesbian,genders,woman,0.5775275
en,adjectives,feminine,raven-haired,genders,woman,0.2901184
en,adjectives,feminine,grandmotherly,genders,woman,0.5637186
en,adjectives,feminine,butchy,genders,woman,0.57676023
en,adjectives,feminine,womenless,genders,woman,0.5538207
en,adjectives,feminine,blonde,genders,woman,0.5495396
en,adjectives,feminine,strong-minded,genders,woman,0.34494928
en,adjectives,feminine,childless,genders,woman,0.54195714
en,adjectives,feminine,newlywed,genders,woman,0.5609761
en,adjectives,feminine,teenage,genders,woman,0.52614415
en,adjectives,feminine,strong-willed,genders,woman,0.33461398
en,adjectives,feminine,bare-breasted,genders,woman,0.3599946
en,adjectives,feminine,mid-aged,genders,woman,0.43684375
en,adjectives,feminine,adulterous,genders,woman,0.5435003
en,adjectives,feminine,womanlike,genders,woman,0.5701927
en,adjectives,feminine,Filipina,genders,woman,1.0000001
en,adjectives,feminine,brunette,genders,woman,0.5347291
en,adjectives,feminine,horse-faced,genders,woman,0.45122388
en,adjectives,feminine,protofeminist,genders,woman,0.32863823
en,adjectives,feminine,marriageable,genders,woman,0.5371943
en,adjectives,feminine,thirtyish,genders,woman,0.54706943
en,adjectives,feminine,mannish,genders,woman,0.54242885
en,adjectives,feminine,harlot,genders,woman,0.5525911
en,adjectives,feminine,misogynist,genders,woman,0.42269015
en,adjectives,feminine,male-dominated,genders,woman,0.4552317
en,adjectives,feminine,manless,genders,woman,0.54245025
en,adjectives,feminine,half-naked,genders,woman,0.3677721
en,adjectives,feminine,womanless,genders,woman,0.5701927
en,adjectives,feminine,red-headed,genders,woman,0.44912332
en,adjectives,feminine,transexual,genders,woman,0.41027236
en,adjectives,feminine,voluptuous,genders,woman,0.29950824
en,adjectives,feminine,sexy,genders,woman,0.52839273
en,adjectives,feminine,unfeminist,genders,woman,0.3222527
en,adjectives,feminine,hermaphrodite,genders,woman,0.28449988
en,adjectives,feminine,feministic,genders,woman,0.5273381
en,adjectives,feminine,butch,genders,woman,0.57676023
en,adjectives,feminine,betrothed,genders,woman,0.36147466
en,adjectives,feminine,self-possessed,genders,woman,0.3475081
en,adjectives,feminine,unwed,genders,woman,0.5813443
en,adjectives,feminine,husbandless,genders,woman,0.53889924
en,adjectives,feminine,statuesque,genders,woman,0.5420794
en,adjectives,feminine,unmarriageable,genders,woman,0.26820093
en,adjectives,feminine,waiflike,genders,woman,0.39331892
en,adjectives,feminine,transgender,genders,woman,0.57751346
en,adjectives,feminine,teen,genders,woman,1.0000001
en,adjectives,feminine,womanist,genders,woman,0.5701927
en,adjectives,feminine,androgynous,genders,woman,0.34180427
en,adjectives,feminine,anti-feminist,genders,woman,0.43355235
en,adjectives,feminine,virginal,genders,woman,0.5371122
en,adjectives,feminine,accosted,genders,woman,0.39763427
en,adjectives,feminine,feminine,genders,woman,0.39393955
en,adjectives,feminine,miniskirted,genders,woman,0.34012902
en,adjectives,feminine,bare-shouldered,genders,woman,0.33944532
en,adjectives,feminine,unpregnant,genders,woman,0.4108305
en,adjectives,feminine,plus-size,genders,woman,0.4277859
en,adjectives,feminine,wheelchair-bound,genders,woman,0.29305378
en,adjectives,feminine,unfaithful,genders,woman,0.3340712
en,adjectives,feminine,chauvinist,genders,woman,0.2780593
en,adjectives,feminine,femme,genders,woman,1.0000001
en,adjectives,feminine,patriarchal,genders,woman,0.40824994
en,adjectives,feminine,cisgendered,genders,woman,0.3415042
en,adjectives,feminine,sexist,genders,woman,0.52839273
en,adjectives,feminine,high-born,genders,woman,0.425666
en,adjectives,feminine,buxom,genders,woman,0.40474734
en,adjectives,feminine,bisexual,genders,woman,0.38440225
en,adjectives,feminine,objectified,genders,woman,0.54219645
en,adjectives,feminine,big-breasted,genders,woman,0.37603486
en,adjectives,feminine,hazel-eyed,genders,woman,0.29595914
en,adjectives,feminine,trampy,genders,woman,0.54588896
en,adjectives,feminine,well-educated,genders,woman,0.438889
en,adjectives,feminine,female,determiners,the,1.0000001
en,adjectives,feminine,pregnant,determiners,the,1.0000001
en,adjectives,feminine,unmarried,determiners,the,0.5813443
en,adjectives,feminine,feminist,determiners,the,1.0000001
en,adjectives,feminine,nymphomaniac,determiners,the,0.26147223
en,adjectives,feminine,married,determiners,the,1.0000001
en,adjectives,feminine,widowed,determiners,the,0.53824216
en,adjectives,feminine,womanly,determiners,the,0.5701927
en,adjectives,feminine,matronly,determiners,the,0.40319487
en,adjectives,feminine,full-figured,determiners,the,0.33458418
en,adjectives,feminine,lesbian,determiners,the,0.5775275
en,adjectives,feminine,raven-haired,determiners,the,0.2901184
en,adjectives,feminine,grandmotherly,determiners,the,0.5637186
en,adjectives,feminine,butchy,determiners,the,0.57676023
en,adjectives,feminine,womenless,determiners,the,0.5538207
en,adjectives,feminine,blonde,determiners,the,0.5495396
en,adjectives,feminine,strong-minded,determiners,the,0.34494928
en,adjectives,feminine,childless,determiners,the,0.54195714
en,adjectives,feminine,newlywed,determiners,the,0.5609761
en,adjectives,feminine,teenage,determiners,the,0.52614415
en,adjectives,feminine,strong-willed,determiners,the,0.33461398
en,adjectives,feminine,bare-breasted,determiners,the,0.3599946
en,adjectives,feminine,mid-aged,determiners,the,0.43684375
en,adjectives,feminine,adulterous,determiners,the,0.5435003
en,adjectives,feminine,womanlike,determiners,the,0.5701927
en,adjectives,feminine,Filipina,determiners,the,1.0000001
en,adjectives,feminine,brunette,determiners,the,0.5347291
en,adjectives,feminine,horse-faced,determiners,the,0.45122388
en,adjectives,feminine,protofeminist,determiners,the,0.32863823
en,adjectives,feminine,marriageable,determiners,the,0.5371943
en,adjectives,feminine,thirtyish,determiners,the,0.54706943
en,adjectives,feminine,mannish,determiners,the,0.54242885
en,adjectives,feminine,harlot,determiners,the,0.5525911
en,adjectives,feminine,misogynist,determiners,the,0.42269015
en,adjectives,feminine,male-dominated,determiners,the,0.4552317
en,adjectives,feminine,manless,determiners,the,0.54245025
en,adjectives,feminine,half-naked,determiners,the,0.3677721
en,adjectives,feminine,womanless,determiners,the,0.5701927
en,adjectives,feminine,red-headed,determiners,the,0.44912332
en,adjectives,feminine,transexual,determiners,the,0.41027236
en,adjectives,feminine,voluptuous,determiners,the,0.29950824
en,adjectives,feminine,sexy,determiners,the,0.52839273
en,adjectives,feminine,unfeminist,determiners,the,0.3222527
en,adjectives,feminine,hermaphrodite,determiners,the,0.28449988
en,adjectives,feminine,feministic,determiners,the,0.5273381
en,adjectives,feminine,butch,determiners,the,0.57676023
en,adjectives,feminine,betrothed,determiners,the,0.36147466
en,adjectives,feminine,self-possessed,determiners,the,0.3475081
en,adjectives,feminine,unwed,determiners,the,0.5813443
en,adjectives,feminine,husbandless,determiners,the,0.53889924
en,adjectives,feminine,statuesque,determiners,the,0.5420794
en,adjectives,feminine,unmarriageable,determiners,the,0.26820093
en,adjectives,feminine,waiflike,determiners,the,0.39331892
en,adjectives,feminine,transgender,determiners,the,0.57751346
en,adjectives,feminine,teen,determiners,the,1.0000001
en,adjectives,feminine,womanist,determiners,the,0.5701927
en,adjectives,feminine,androgynous,determiners,the,0.34180427
en,adjectives,feminine,anti-feminist,determiners,the,0.43355235
en,adjectives,feminine,virginal,determiners,the,0.5371122
en,adjectives,feminine,accosted,determiners,the,0.39763427
en,adjectives,feminine,feminine,determiners,the,0.39393955
en,adjectives,feminine,miniskirted,determiners,the,0.34012902
en,adjectives,feminine,bare-shouldered,determiners,the,0.33944532
en,adjectives,feminine,unpregnant,determiners,the,0.4108305
en,adjectives,feminine,plus-size,determiners,the,0.4277859
en,adjectives,feminine,wheelchair-bound,determiners,the,0.29305378
en,adjectives,feminine,unfaithful,determiners,the,0.3340712
en,adjectives,feminine,chauvinist,determiners,the,0.2780593
en,adjectives,feminine,femme,determiners,the,1.0000001
en,adjectives,feminine,patriarchal,determiners,the,0.40824994
en,adjectives,feminine,cisgendered,determiners,the,0.3415042
en,adjectives,feminine,sexist,determiners,the,0.52839273
en,adjectives,feminine,high-born,determiners,the,0.425666
en,adjectives,feminine,buxom,determiners,the,0.40474734
en,adjectives,feminine,bisexual,determiners,the,0.38440225
en,adjectives,feminine,objectified,determiners,the,0.54219645
en,adjectives,feminine,big-breasted,determiners,the,0.37603486
en,adjectives,feminine,hazel-eyed,determiners,the,0.29595914
en,adjectives,feminine,trampy,determiners,the,0.54588896
en,adjectives,feminine,well-educated,determiners,the,0.438889
