"LANGUAGE","GRAMMATICAL.GENDER.OF.NOUN","NOUN","ADJECTIVE","COSINE.SIMILARITY","GENDER.ASSOCIATION.OF.ADJECTIVE"
"en","neuter","moon","handsome",0.157119727297803,"masculine"
"en","neuter","moon","manly",0.13477195487658,"masculine"
"en","neuter","moon","dapper",0.090695744041963,"masculine"
"en","neuter","moon","hunky",0.143762998409228,"masculine"
"en","neuter","moon","brawny",0.0567125361530754,"masculine"
"en","neuter","moon","grandfatherly",0.0536044759267559,"masculine"
"en","neuter","fork","handsome",0.035161155553331,"masculine"
"en","neuter","fork","manly",0.0154432363187003,"masculine"
"en","neuter","fork","dapper",0.0495919728888991,"masculine"
"en","neuter","fork","hunky",0.000926935854838622,"masculine"
"en","neuter","fork","brawny",0.10966136001677,"masculine"
"en","neuter","fork","grandfatherly",-0.0194868104815127,"masculine"
"en","neuter","mouse","handsome",0.0580530994224747,"masculine"
"en","neuter","mouse","manly",0.0741269650844202,"masculine"
"en","neuter","mouse","dapper",0.119974539137559,"masculine"
"en","neuter","mouse","hunky",0.081521959403333,"masculine"
"en","neuter","mouse","brawny",0.11960522894351,"masculine"
"en","neuter","mouse","grandfatherly",0.10563715868912,"masculine"
"en","neuter","cat","handsome",0.230934736299243,"masculine"
"en","neuter","cat","manly",0.126799193431327,"masculine"
"en","neuter","cat","dapper",0.217984601525247,"masculine"
"en","neuter","cat","hunky",0.166849209907448,"masculine"
"en","neuter","cat","brawny",0.0953442626330073,"masculine"
"en","neuter","cat","grandfatherly",0.183268191490825,"masculine"
"en","neuter","sock","handsome",0.119147638570825,"masculine"
"en","neuter","sock","manly",0.202000054217041,"masculine"
"en","neuter","sock","dapper",0.167582822578099,"masculine"
"en","neuter","sock","hunky",0.165908561036213,"masculine"
"en","neuter","sock","brawny",0.121379237773383,"masculine"
"en","neuter","sock","grandfatherly",0.130651910035751,"masculine"
"en","neuter","rain","handsome",0.0767336330703711,"masculine"
"en","neuter","rain","manly",0.0889575776730941,"masculine"
"en","neuter","rain","dapper",0.097105510982481,"masculine"
"en","neuter","rain","hunky",0.070806279831845,"masculine"
"en","neuter","rain","brawny",0.00257982441630441,"masculine"
"en","neuter","rain","grandfatherly",0.076032446581705,"masculine"
"en","neuter","underpants","handsome",0.146822442969396,"masculine"
"en","neuter","underpants","manly",0.278995370825116,"masculine"
"en","neuter","underpants","dapper",0.237954159180858,"masculine"
"en","neuter","underpants","hunky",0.252530158455269,"masculine"
"en","neuter","underpants","brawny",0.164581093806887,"masculine"
"en","neuter","underpants","grandfatherly",0.128466456275536,"masculine"
"en","neuter","pants","handsome",0.190734206310225,"masculine"
"en","neuter","pants","manly",0.242415254434293,"masculine"
"en","neuter","pants","dapper",0.305910585611131,"masculine"
"en","neuter","pants","hunky",0.224177376895179,"masculine"
"en","neuter","pants","brawny",0.152903696354529,"masculine"
"en","neuter","pants","grandfatherly",0.0760117248298063,"masculine"
"en","neuter","butterfly","handsome",0.115255709693636,"masculine"
"en","neuter","butterfly","manly",0.0799914321644091,"masculine"
"en","neuter","butterfly","dapper",0.146871213175833,"masculine"
"en","neuter","butterfly","hunky",0.0567544124308228,"masculine"
"en","neuter","butterfly","brawny",0.00208903069432806,"masculine"
"en","neuter","butterfly","grandfatherly",0.00679242755876194,"masculine"
"en","neuter","fish","handsome",0.103375506864128,"masculine"
"en","neuter","fish","manly",0.121480182228461,"masculine"
"en","neuter","fish","dapper",0.0978342109736391,"masculine"
"en","neuter","fish","hunky",0.143225728971082,"masculine"
"en","neuter","fish","brawny",0.110027776430805,"masculine"
"en","neuter","fish","grandfatherly",0.0678302998586385,"masculine"
"en","neuter","sun","handsome",0.110919457585586,"masculine"
"en","neuter","sun","manly",0.0669497399572363,"masculine"
"en","neuter","sun","dapper",0.091688845524373,"masculine"
"en","neuter","sun","hunky",0.109927799706025,"masculine"
"en","neuter","sun","brawny",0.0649710234784939,"masculine"
"en","neuter","sun","grandfatherly",0.136123626175798,"masculine"
"en","neuter","clock","handsome",0.0503558986142414,"masculine"
"en","neuter","clock","manly",-0.0179965779927783,"masculine"
"en","neuter","clock","dapper",0.0736297062724526,"masculine"
"en","neuter","clock","hunky",0.0351590893604109,"masculine"
"en","neuter","clock","brawny",0.0243419461040794,"masculine"
"en","neuter","clock","grandfatherly",0.0309292736771174,"masculine"
"en","neuter","dirt","handsome",0.112880283533541,"masculine"
"en","neuter","dirt","manly",0.112747088271454,"masculine"
"en","neuter","dirt","dapper",0.13181679502866,"masculine"
"en","neuter","dirt","hunky",0.12141931496658,"masculine"
"en","neuter","dirt","brawny",0.132830087492862,"masculine"
"en","neuter","dirt","grandfatherly",0.112223777449346,"masculine"
"en","neuter","dresser","handsome",0.27950594847474,"masculine"
"en","neuter","dresser","manly",0.180385836751692,"masculine"
"en","neuter","dresser","dapper",0.327555146897691,"masculine"
"en","neuter","dresser","hunky",0.15260035185969,"masculine"
"en","neuter","dresser","brawny",0.166067643125111,"masculine"
"en","neuter","dresser","grandfatherly",0.147254090260907,"masculine"
"en","neuter","stove","handsome",0.114933019726452,"masculine"
"en","neuter","stove","manly",0.111190772950366,"masculine"
"en","neuter","stove","dapper",0.0394098576990811,"masculine"
"en","neuter","stove","hunky",0.144961796330788,"masculine"
"en","neuter","stove","brawny",0.157567349847155,"masculine"
"en","neuter","stove","grandfatherly",0.10610176439099,"masculine"
"en","neuter","sand","handsome",0.0568041654425961,"masculine"
"en","neuter","sand","manly",0.0933531463870762,"masculine"
"en","neuter","sand","dapper",0.0718249749105577,"masculine"
"en","neuter","sand","hunky",0.0867847625814076,"masculine"
"en","neuter","sand","brawny",0.0862939635364731,"masculine"
"en","neuter","sand","grandfatherly",0.0889340038545469,"masculine"
"en","neuter","box","handsome",0.0861639033241095,"masculine"
"en","neuter","box","manly",0.0948621537589762,"masculine"
"en","neuter","box","dapper",0.106193491540509,"masculine"
"en","neuter","box","hunky",0.0667017417057278,"masculine"
"en","neuter","box","brawny",0.0748361368370874,"masculine"
"en","neuter","box","grandfatherly",0.0449260031576645,"masculine"
"en","neuter","drum","handsome",0.0585886063463037,"masculine"
"en","neuter","drum","manly",0.109265545166682,"masculine"
"en","neuter","drum","dapper",0.0755663831152236,"masculine"
"en","neuter","drum","hunky",0.104533517529454,"masculine"
"en","neuter","drum","brawny",0.181556555543871,"masculine"
"en","neuter","drum","grandfatherly",0.137847974098304,"masculine"
"en","neuter","shoulder","handsome",0.128628240769161,"masculine"
"en","neuter","shoulder","manly",0.194466256588916,"masculine"
"en","neuter","shoulder","dapper",0.135870200677481,"masculine"
"en","neuter","shoulder","hunky",0.0853510109261168,"masculine"
"en","neuter","shoulder","brawny",0.231406298981655,"masculine"
"en","neuter","shoulder","grandfatherly",0.179827768195945,"masculine"
"en","neuter","pajamas","handsome",0.171977415730231,"masculine"
"en","neuter","pajamas","manly",0.185303001069649,"masculine"
"en","neuter","pajamas","dapper",0.308802219613675,"masculine"
"en","neuter","pajamas","hunky",0.202390155121955,"masculine"
"en","neuter","pajamas","brawny",0.0921584759097095,"masculine"
"en","neuter","pajamas","grandfatherly",0.169237021709871,"masculine"
"en","neuter","couch","handsome",0.139578086534943,"masculine"
"en","neuter","couch","manly",0.1436509325318,"masculine"
"en","neuter","couch","dapper",0.12484907455639,"masculine"
"en","neuter","couch","hunky",0.225522867525416,"masculine"
"en","neuter","couch","brawny",0.171082379230782,"masculine"
"en","neuter","couch","grandfatherly",0.0913283797649301,"masculine"
"en","neuter","cage","handsome",0.0667965576054602,"masculine"
"en","neuter","cage","manly",0.0707879008942569,"masculine"
"en","neuter","cage","dapper",0.0577349977987613,"masculine"
"en","neuter","cage","hunky",9.40957503185979e-05,"masculine"
"en","neuter","cage","brawny",0.126688067657058,"masculine"
"en","neuter","cage","grandfatherly",0.0100608466336537,"masculine"
"en","neuter","mattress","handsome",0.0429564824668511,"masculine"
"en","neuter","mattress","manly",0.106819995215911,"masculine"
"en","neuter","mattress","dapper",-0.0178616184212828,"masculine"
"en","neuter","mattress","hunky",0.0786332991210944,"masculine"
"en","neuter","mattress","brawny",0.122469151383027,"masculine"
"en","neuter","mattress","grandfatherly",0.034575262552669,"masculine"
"en","neuter","seesaw","handsome",0.0789040936166728,"masculine"
"en","neuter","seesaw","manly",0.0657083356261844,"masculine"
"en","neuter","seesaw","dapper",0.0747750350454859,"masculine"
"en","neuter","seesaw","hunky",0.0459463234432346,"masculine"
"en","neuter","seesaw","brawny",0.140351923644284,"masculine"
"en","neuter","seesaw","grandfatherly",0.11353695355239,"masculine"
"en","neuter","necklace","handsome",0.15814541389834,"masculine"
"en","neuter","necklace","manly",0.0845654839567761,"masculine"
"en","neuter","necklace","dapper",0.208564028397939,"masculine"
"en","neuter","necklace","hunky",0.0644544309763545,"masculine"
"en","neuter","necklace","brawny",0.0086079053071508,"masculine"
"en","neuter","necklace","grandfatherly",0.0357143231606569,"masculine"
"en","neuter","star","handsome",0.181360474387519,"masculine"
"en","neuter","star","manly",0.108976652840546,"masculine"
"en","neuter","star","dapper",0.180672304988686,"masculine"
"en","neuter","star","hunky",0.300115880177415,"masculine"
"en","neuter","star","brawny",0.199821995273202,"masculine"
"en","neuter","star","grandfatherly",0.113168820167088,"masculine"
"en","neuter","chair","handsome",0.171917151753379,"masculine"
"en","neuter","chair","manly",0.0867463003922186,"masculine"
"en","neuter","chair","dapper",0.156791791003512,"masculine"
"en","neuter","chair","hunky",0.118922887367028,"masculine"
"en","neuter","chair","brawny",0.142610517548039,"masculine"
"en","neuter","chair","grandfatherly",0.181791199041512,"masculine"
"en","neuter","movie","handsome",0.123699160342207,"masculine"
"en","neuter","movie","manly",0.129220165584826,"masculine"
"en","neuter","movie","dapper",0.105856273550602,"masculine"
"en","neuter","movie","hunky",0.183183084926773,"masculine"
"en","neuter","movie","brawny",0.0839799297244214,"masculine"
"en","neuter","movie","grandfatherly",0.112316544214688,"masculine"
"en","neuter","wing","handsome",0.0593364649802225,"masculine"
"en","neuter","wing","manly",0.0577683974991774,"masculine"
"en","neuter","wing","dapper",0.132804543538172,"masculine"
"en","neuter","wing","hunky",0.0419926573150127,"masculine"
"en","neuter","wing","brawny",0.0794803955216768,"masculine"
"en","neuter","wing","grandfatherly",0.0840217980787241,"masculine"
"en","neuter","ceiling","handsome",0.111088018221757,"masculine"
"en","neuter","ceiling","manly",0.0128964730181503,"masculine"
"en","neuter","ceiling","dapper",0.036286656796622,"masculine"
"en","neuter","ceiling","hunky",0.0650246774381138,"masculine"
"en","neuter","ceiling","brawny",0.0188163669352677,"masculine"
"en","neuter","ceiling","grandfatherly",0.0346678525072645,"masculine"
"en","neuter","barn","handsome",0.211709618974432,"masculine"
"en","neuter","barn","manly",0.0837072409906503,"masculine"
"en","neuter","barn","dapper",0.122788517114409,"masculine"
"en","neuter","barn","hunky",0.158658430053701,"masculine"
"en","neuter","barn","brawny",0.0697472269285369,"masculine"
"en","neuter","barn","grandfatherly",0.0794229036174192,"masculine"
"en","neuter","fingernail","handsome",0.0339640675840399,"masculine"
"en","neuter","fingernail","manly",0.12383845136565,"masculine"
"en","neuter","fingernail","dapper",0.10447980545525,"masculine"
"en","neuter","fingernail","hunky",0.029028782775464,"masculine"
"en","neuter","fingernail","brawny",0.103218864906789,"masculine"
"en","neuter","fingernail","grandfatherly",0.0920695968836863,"masculine"
"en","neuter","head","handsome",0.126879743430543,"masculine"
"en","neuter","head","manly",0.146276105812516,"masculine"
"en","neuter","head","dapper",0.11868057079755,"masculine"
"en","neuter","head","hunky",0.176246710655315,"masculine"
"en","neuter","head","brawny",0.179551004985105,"masculine"
"en","neuter","head","grandfatherly",0.213106868526676,"masculine"
"en","neuter","key","handsome",0.0621275498892771,"masculine"
"en","neuter","key","manly",0.104009336023849,"masculine"
"en","neuter","key","dapper",0.0816607103024738,"masculine"
"en","neuter","key","hunky",0.107478864355819,"masculine"
"en","neuter","key","brawny",0.107174563611229,"masculine"
"en","neuter","key","grandfatherly",0.115248146848306,"masculine"
"en","neuter","bridge","handsome",0.0962092640466123,"masculine"
"en","neuter","bridge","manly",0.0141821034734227,"masculine"
"en","neuter","bridge","dapper",0.0844188864583527,"masculine"
"en","neuter","bridge","hunky",0.0308700577635138,"masculine"
"en","neuter","bridge","brawny",0.0798232051055343,"masculine"
"en","neuter","bridge","grandfatherly",0.0744513205973481,"masculine"
"en","neuter","belly","handsome",0.177101193802585,"masculine"
"en","neuter","belly","manly",0.224179156079934,"masculine"
"en","neuter","belly","dapper",0.0920692840128803,"masculine"
"en","neuter","belly","hunky",0.200803884596139,"masculine"
"en","neuter","belly","brawny",0.218632005457014,"masculine"
"en","neuter","belly","grandfatherly",0.0966377968692883,"masculine"
"en","neuter","moon","full-figured",0.0590695938920656,"feminine"
"en","neuter","moon","grandmotherly",0.029532452535603,"feminine"
"en","neuter","moon","voluptuous",0.130064497934861,"feminine"
"en","neuter","moon","sexy",0.111658716112845,"feminine"
"en","neuter","moon","statuesque",0.119666868257458,"feminine"
"en","neuter","moon","feminine",0.190990956501113,"feminine"
"en","neuter","fork","full-figured",-0.0502076732282987,"feminine"
"en","neuter","fork","grandmotherly",0.0456752076796322,"feminine"
"en","neuter","fork","voluptuous",0.0126347953442713,"feminine"
"en","neuter","fork","sexy",-0.0153042402785793,"feminine"
"en","neuter","fork","statuesque",0.00221956319212301,"feminine"
"en","neuter","fork","feminine",-0.0264939454794167,"feminine"
"en","neuter","mouse","full-figured",0.0887327808793297,"feminine"
"en","neuter","mouse","grandmotherly",0.164630776967362,"feminine"
"en","neuter","mouse","voluptuous",0.0863342438946228,"feminine"
"en","neuter","mouse","sexy",0.125240434599584,"feminine"
"en","neuter","mouse","statuesque",0.0804100148545602,"feminine"
"en","neuter","mouse","feminine",0.0521681026883914,"feminine"
"en","neuter","cat","full-figured",0.136723075676812,"feminine"
"en","neuter","cat","grandmotherly",0.245015193513691,"feminine"
"en","neuter","cat","voluptuous",0.111043325590753,"feminine"
"en","neuter","cat","sexy",0.185616033311021,"feminine"
"en","neuter","cat","statuesque",0.108311397087693,"feminine"
"en","neuter","cat","feminine",0.100568221265043,"feminine"
"en","neuter","sock","full-figured",0.0329922789056256,"feminine"
"en","neuter","sock","grandmotherly",0.191385620504838,"feminine"
"en","neuter","sock","voluptuous",0.058884252839029,"feminine"
"en","neuter","sock","sexy",0.168424518312564,"feminine"
"en","neuter","sock","statuesque",0.0396258650766662,"feminine"
"en","neuter","sock","feminine",0.180299449777921,"feminine"
"en","neuter","rain","full-figured",0.00617997304596986,"feminine"
"en","neuter","rain","grandmotherly",0.0616553562207656,"feminine"
"en","neuter","rain","voluptuous",0.0498406562085462,"feminine"
"en","neuter","rain","sexy",0.0392366048210238,"feminine"
"en","neuter","rain","statuesque",0.0759765873736831,"feminine"
"en","neuter","rain","feminine",0.0662245945688643,"feminine"
"en","neuter","underpants","full-figured",0.0781603721713247,"feminine"
"en","neuter","underpants","grandmotherly",0.109536849171609,"feminine"
"en","neuter","underpants","voluptuous",0.167476207846885,"feminine"
"en","neuter","underpants","sexy",0.268769019967861,"feminine"
"en","neuter","underpants","statuesque",0.0918860961139962,"feminine"
"en","neuter","underpants","feminine",0.177629879326855,"feminine"
"en","neuter","pants","full-figured",0.137776803120449,"feminine"
"en","neuter","pants","grandmotherly",0.0813284733947025,"feminine"
"en","neuter","pants","voluptuous",0.150925559174285,"feminine"
"en","neuter","pants","sexy",0.328492796335787,"feminine"
"en","neuter","pants","statuesque",0.0914173196077645,"feminine"
"en","neuter","pants","feminine",0.215846109817844,"feminine"
"en","neuter","butterfly","full-figured",0.0651115423735121,"feminine"
"en","neuter","butterfly","grandmotherly",0.106745866638407,"feminine"
"en","neuter","butterfly","voluptuous",0.139029414056165,"feminine"
"en","neuter","butterfly","sexy",0.156714594019795,"feminine"
"en","neuter","butterfly","statuesque",0.148071433869199,"feminine"
"en","neuter","butterfly","feminine",0.233856216693272,"feminine"
"en","neuter","fish","full-figured",0.0748325529175517,"feminine"
"en","neuter","fish","grandmotherly",0.0492096261858822,"feminine"
"en","neuter","fish","voluptuous",0.0866163353235115,"feminine"
"en","neuter","fish","sexy",0.112576668463734,"feminine"
"en","neuter","fish","statuesque",0.0817306166963643,"feminine"
"en","neuter","fish","feminine",0.0796309087397818,"feminine"
"en","neuter","sun","full-figured",0.0461306054054629,"feminine"
"en","neuter","sun","grandmotherly",0.0877251224268704,"feminine"
"en","neuter","sun","voluptuous",0.138196133419275,"feminine"
"en","neuter","sun","sexy",0.124642261420937,"feminine"
"en","neuter","sun","statuesque",0.134670816371761,"feminine"
"en","neuter","sun","feminine",0.116568275473756,"feminine"
"en","neuter","clock","full-figured",0.000192834101260272,"feminine"
"en","neuter","clock","grandmotherly",0.0603703325115664,"feminine"
"en","neuter","clock","voluptuous",0.0177615729583869,"feminine"
"en","neuter","clock","sexy",-0.0161929629109349,"feminine"
"en","neuter","clock","statuesque",0.111819606640789,"feminine"
"en","neuter","clock","feminine",-0.0195406668103432,"feminine"
"en","neuter","dirt","full-figured",-0.00499732209458243,"feminine"
"en","neuter","dirt","grandmotherly",0.110092424848485,"feminine"
"en","neuter","dirt","voluptuous",0.0760332926217925,"feminine"
"en","neuter","dirt","sexy",0.0876640565343749,"feminine"
"en","neuter","dirt","statuesque",0.0529191051283148,"feminine"
"en","neuter","dirt","feminine",0.0776902070392027,"feminine"
"en","neuter","dresser","full-figured",0.179259689020995,"feminine"
"en","neuter","dresser","grandmotherly",0.198536403753356,"feminine"
"en","neuter","dresser","voluptuous",0.19640606281665,"feminine"
"en","neuter","dresser","sexy",0.205057726053327,"feminine"
"en","neuter","dresser","statuesque",0.255788481150442,"feminine"
"en","neuter","dresser","feminine",0.225095692585118,"feminine"
"en","neuter","stove","full-figured",0.0558546158438419,"feminine"
"en","neuter","stove","grandmotherly",0.180119182700828,"feminine"
"en","neuter","stove","voluptuous",0.0786849981857163,"feminine"
"en","neuter","stove","sexy",0.0903938756894807,"feminine"
"en","neuter","stove","statuesque",0.090235229588666,"feminine"
"en","neuter","stove","feminine",0.0214660539980813,"feminine"
"en","neuter","sand","full-figured",0.0286942910509034,"feminine"
"en","neuter","sand","grandmotherly",0.0213043346926196,"feminine"
"en","neuter","sand","voluptuous",0.100213824230948,"feminine"
"en","neuter","sand","sexy",0.0692695561013211,"feminine"
"en","neuter","sand","statuesque",0.132353487864078,"feminine"
"en","neuter","sand","feminine",0.0535063819660472,"feminine"
"en","neuter","box","full-figured",0.00716409400303413,"feminine"
"en","neuter","box","grandmotherly",0.0494643877918793,"feminine"
"en","neuter","box","voluptuous",0.0281147736271116,"feminine"
"en","neuter","box","sexy",0.0519245868894292,"feminine"
"en","neuter","box","statuesque",0.0968473810374063,"feminine"
"en","neuter","box","feminine",0.0588878757784037,"feminine"
"en","neuter","drum","full-figured",-0.00226696639104449,"feminine"
"en","neuter","drum","grandmotherly",0.0711645286559659,"feminine"
"en","neuter","drum","voluptuous",0.0629661319706773,"feminine"
"en","neuter","drum","sexy",0.0817606607298933,"feminine"
"en","neuter","drum","statuesque",0.0544823461059909,"feminine"
"en","neuter","drum","feminine",0.020199425402009,"feminine"
"en","neuter","shoulder","full-figured",0.148237898130254,"feminine"
"en","neuter","shoulder","grandmotherly",0.180437271763521,"feminine"
"en","neuter","shoulder","voluptuous",0.0841902091745866,"feminine"
"en","neuter","shoulder","sexy",0.115896163387086,"feminine"
"en","neuter","shoulder","statuesque",0.176745083430467,"feminine"
"en","neuter","shoulder","feminine",0.182335590717592,"feminine"
"en","neuter","pajamas","full-figured",0.141446553398407,"feminine"
"en","neuter","pajamas","grandmotherly",0.223650218399718,"feminine"
"en","neuter","pajamas","voluptuous",0.106867004455679,"feminine"
"en","neuter","pajamas","sexy",0.275573684334801,"feminine"
"en","neuter","pajamas","statuesque",0.0747439771496684,"feminine"
"en","neuter","pajamas","feminine",0.140649435162676,"feminine"
"en","neuter","couch","full-figured",0.186971605585893,"feminine"
"en","neuter","couch","grandmotherly",0.180130690267479,"feminine"
"en","neuter","couch","voluptuous",0.185031993256468,"feminine"
"en","neuter","couch","sexy",0.203508683918996,"feminine"
"en","neuter","couch","statuesque",0.140481189834399,"feminine"
"en","neuter","couch","feminine",0.048169075324921,"feminine"
"en","neuter","cage","full-figured",0.0379892074060603,"feminine"
"en","neuter","cage","grandmotherly",0.0644667441876884,"feminine"
"en","neuter","cage","voluptuous",0.0919800631689181,"feminine"
"en","neuter","cage","sexy",0.0861987352537628,"feminine"
"en","neuter","cage","statuesque",0.114478035258274,"feminine"
"en","neuter","cage","feminine",0.0472189384726978,"feminine"
"en","neuter","mattress","full-figured",0.181842142815202,"feminine"
"en","neuter","mattress","grandmotherly",0.124765057508778,"feminine"
"en","neuter","mattress","voluptuous",0.150094865270505,"feminine"
"en","neuter","mattress","sexy",0.102406590474635,"feminine"
"en","neuter","mattress","statuesque",0.0555376305168672,"feminine"
"en","neuter","mattress","feminine",0.0979456481945117,"feminine"
"en","neuter","seesaw","full-figured",0.0345121669270117,"feminine"
"en","neuter","seesaw","grandmotherly",0.132623756398435,"feminine"
"en","neuter","seesaw","voluptuous",0.132240856660329,"feminine"
"en","neuter","seesaw","sexy",0.075320836122243,"feminine"
"en","neuter","seesaw","statuesque",0.150420243627329,"feminine"
"en","neuter","seesaw","feminine",0.114925412185092,"feminine"
"en","neuter","necklace","full-figured",0.105960717207132,"feminine"
"en","neuter","necklace","grandmotherly",0.150977487192186,"feminine"
"en","neuter","necklace","voluptuous",0.123856364940758,"feminine"
"en","neuter","necklace","sexy",0.214067937807814,"feminine"
"en","neuter","necklace","statuesque",0.206244100548016,"feminine"
"en","neuter","necklace","feminine",0.27286773257003,"feminine"
"en","neuter","star","full-figured",0.167230195195272,"feminine"
"en","neuter","star","grandmotherly",0.118319300174667,"feminine"
"en","neuter","star","voluptuous",0.186261025126912,"feminine"
"en","neuter","star","sexy",0.193510107063311,"feminine"
"en","neuter","star","statuesque",0.274219362678913,"feminine"
"en","neuter","star","feminine",0.145005525325907,"feminine"
"en","neuter","chair","full-figured",0.127271862908858,"feminine"
"en","neuter","chair","grandmotherly",0.202577583443196,"feminine"
"en","neuter","chair","voluptuous",0.141556270047502,"feminine"
"en","neuter","chair","sexy",0.139435300383664,"feminine"
"en","neuter","chair","statuesque",0.187230262058001,"feminine"
"en","neuter","chair","feminine",0.0900374270808352,"feminine"
"en","neuter","movie","full-figured",0.0746255214386029,"feminine"
"en","neuter","movie","grandmotherly",0.0973328487029818,"feminine"
"en","neuter","movie","voluptuous",0.0993946259297666,"feminine"
"en","neuter","movie","sexy",0.212572197946243,"feminine"
"en","neuter","movie","statuesque",0.130785264408025,"feminine"
"en","neuter","movie","feminine",0.0228040856392322,"feminine"
"en","neuter","wing","full-figured",0.0944564278413725,"feminine"
"en","neuter","wing","grandmotherly",0.124245656199714,"feminine"
"en","neuter","wing","voluptuous",0.111199293434751,"feminine"
"en","neuter","wing","sexy",0.0427904254660935,"feminine"
"en","neuter","wing","statuesque",0.0998818975296707,"feminine"
"en","neuter","wing","feminine",0.0894024968889692,"feminine"
"en","neuter","ceiling","full-figured",0.0609637762665379,"feminine"
"en","neuter","ceiling","grandmotherly",0.0328695956819893,"feminine"
"en","neuter","ceiling","voluptuous",0.14324210985921,"feminine"
"en","neuter","ceiling","sexy",0.056289870617097,"feminine"
"en","neuter","ceiling","statuesque",0.173606761087611,"feminine"
"en","neuter","ceiling","feminine",0.0257916699979978,"feminine"
"en","neuter","barn","full-figured",0.0484310341256178,"feminine"
"en","neuter","barn","grandmotherly",0.103274809093452,"feminine"
"en","neuter","barn","voluptuous",0.0466165118806292,"feminine"
"en","neuter","barn","sexy",0.034001820078265,"feminine"
"en","neuter","barn","statuesque",0.0805947587769075,"feminine"
"en","neuter","barn","feminine",0.0272207666607828,"feminine"
"en","neuter","fingernail","full-figured",0.0197750362688754,"feminine"
"en","neuter","fingernail","grandmotherly",0.156636267783478,"feminine"
"en","neuter","fingernail","voluptuous",0.0843549345848639,"feminine"
"en","neuter","fingernail","sexy",0.0779319935089634,"feminine"
"en","neuter","fingernail","statuesque",0.0508861116515711,"feminine"
"en","neuter","fingernail","feminine",0.135754784084957,"feminine"
"en","neuter","head","full-figured",0.0931770376126141,"feminine"
"en","neuter","head","grandmotherly",0.135353211628977,"feminine"
"en","neuter","head","voluptuous",0.144846604015283,"feminine"
"en","neuter","head","sexy",0.116792685787712,"feminine"
"en","neuter","head","statuesque",0.133949897764876,"feminine"
"en","neuter","head","feminine",0.089046837065508,"feminine"
"en","neuter","key","full-figured",0.0038585487938754,"feminine"
"en","neuter","key","grandmotherly",0.109761115409467,"feminine"
"en","neuter","key","voluptuous",0.0643823583428232,"feminine"
"en","neuter","key","sexy",0.105303268081233,"feminine"
"en","neuter","key","statuesque",0.0752721094516224,"feminine"
"en","neuter","key","feminine",0.135165295576368,"feminine"
"en","neuter","bridge","full-figured",0.0131779475919298,"feminine"
"en","neuter","bridge","grandmotherly",0.0818878715776868,"feminine"
"en","neuter","bridge","voluptuous",0.0277427047199865,"feminine"
"en","neuter","bridge","sexy",0.053054090213153,"feminine"
"en","neuter","bridge","statuesque",0.143020005903662,"feminine"
"en","neuter","bridge","feminine",0.0140125722123374,"feminine"
"en","neuter","belly","full-figured",0.259931523579052,"feminine"
"en","neuter","belly","grandmotherly",0.154840269567667,"feminine"
"en","neuter","belly","voluptuous",0.297231729446957,"feminine"
"en","neuter","belly","sexy",0.244610141548206,"feminine"
"en","neuter","belly","statuesque",0.138338298996351,"feminine"
"en","neuter","belly","feminine",0.157387608394083,"feminine"
"es","feminine","luna","vaquera",0.222074708031309,"masculine"
"es","feminine","luna","macho",0.181736372739484,"masculine"
"es","feminine","luna","poderosa",0.242594201378255,"masculine"
"es","feminine","luna","primitiva",0.265430689104107,"masculine"
"es","feminine","luna","masculina",0.176126029332779,"masculine"
"es","feminine","luna","forzuda",0.259712008315409,"masculine"
"es","feminine","lluvia","vaquera",0.210192760141513,"masculine"
"es","feminine","lluvia","macho",0.0611356361689326,"masculine"
"es","feminine","lluvia","poderosa",0.181653020908201,"masculine"
"es","feminine","lluvia","primitiva",0.190743468446885,"masculine"
"es","feminine","lluvia","masculina",0.146333679508522,"masculine"
"es","feminine","lluvia","forzuda",0.211592053300704,"masculine"
"es","feminine","mariposa","vaquera",0.234085568749042,"masculine"
"es","feminine","mariposa","macho",0.329200919202911,"masculine"
"es","feminine","mariposa","poderosa",0.234653756327834,"masculine"
"es","feminine","mariposa","primitiva",0.20986391537375,"masculine"
"es","feminine","mariposa","masculina",0.303545314827184,"masculine"
"es","feminine","mariposa","forzuda",0.343963736449886,"masculine"
"es","feminine","pez","vaquera",0.106730054247953,"masculine"
"es","feminine","pez","macho",0.362426046509672,"masculine"
"es","feminine","pez","poderosa",0.122093563122082,"masculine"
"es","feminine","pez","primitiva",0.125036324520526,"masculine"
"es","feminine","pez","masculina",0.093753534280311,"masculine"
"es","feminine","pez","forzuda",0.301237247162144,"masculine"
"es","feminine","suciedad","vaquera",0.180064120748929,"masculine"
"es","feminine","suciedad","macho",0.102582113924812,"masculine"
"es","feminine","suciedad","poderosa",0.150348286264658,"masculine"
"es","feminine","suciedad","primitiva",0.263262348197261,"masculine"
"es","feminine","suciedad","masculina",0.176457244495801,"masculine"
"es","feminine","suciedad","forzuda",0.161250303792708,"masculine"
"es","feminine","cocina","vaquera",0.25335190080294,"masculine"
"es","feminine","cocina","macho",0.0290669274132486,"masculine"
"es","feminine","cocina","poderosa",0.174580893204564,"masculine"
"es","feminine","cocina","primitiva",0.206810880186307,"masculine"
"es","feminine","cocina","masculina",0.190642928105523,"masculine"
"es","feminine","cocina","forzuda",0.174279569475533,"masculine"
"es","feminine","arena","vaquera",0.283969310428708,"masculine"
"es","feminine","arena","macho",0.138064327091793,"masculine"
"es","feminine","arena","poderosa",0.198946610630285,"masculine"
"es","feminine","arena","primitiva",0.214122191233191,"masculine"
"es","feminine","arena","masculina",0.142890604938804,"masculine"
"es","feminine","arena","forzuda",0.267816182260115,"masculine"
"es","feminine","caja","vaquera",0.233746623509538,"masculine"
"es","feminine","caja","macho",0.182375833703416,"masculine"
"es","feminine","caja","poderosa",0.300718564019801,"masculine"
"es","feminine","caja","primitiva",0.281708715391523,"masculine"
"es","feminine","caja","masculina",0.148979840700052,"masculine"
"es","feminine","caja","forzuda",0.274482009051773,"masculine"
"es","feminine","pijama","vaquera",0.325117775080894,"masculine"
"es","feminine","pijama","macho",0.183697337674738,"masculine"
"es","feminine","pijama","poderosa",-0.0162473486934017,"masculine"
"es","feminine","pijama","primitiva",0.0750828768987337,"masculine"
"es","feminine","pijama","masculina",0.129475975794168,"masculine"
"es","feminine","pijama","forzuda",0.177990812956328,"masculine"
"es","feminine","jaula","vaquera",0.253496946541738,"masculine"
"es","feminine","jaula","macho",0.348135093516565,"masculine"
"es","feminine","jaula","poderosa",0.161313453581455,"masculine"
"es","feminine","jaula","primitiva",0.213980260840162,"masculine"
"es","feminine","jaula","masculina",0.17733388014501,"masculine"
"es","feminine","jaula","forzuda",0.346771641098853,"masculine"
"es","feminine","estrella","vaquera",0.295470957589419,"masculine"
"es","feminine","estrella","macho",0.166526126004089,"masculine"
"es","feminine","estrella","poderosa",0.316466180623941,"masculine"
"es","feminine","estrella","primitiva",0.207081929077442,"masculine"
"es","feminine","estrella","masculina",0.235313758440568,"masculine"
"es","feminine","estrella","forzuda",0.232792987012023,"masculine"
"es","feminine","silla","vaquera",0.339306001302426,"masculine"
"es","feminine","silla","macho",0.109725349077809,"masculine"
"es","feminine","silla","poderosa",0.210236104550347,"masculine"
"es","feminine","silla","primitiva",0.209905303414874,"masculine"
"es","feminine","silla","masculina",0.190544383969963,"masculine"
"es","feminine","silla","forzuda",0.25808513993063,"masculine"
"es","feminine","película","vaquera",0.234114888492593,"masculine"
"es","feminine","película","macho",0.1530147538152,"masculine"
"es","feminine","película","poderosa",0.222951973425063,"masculine"
"es","feminine","película","primitiva",0.207814642763285,"masculine"
"es","feminine","película","masculina",0.218585549565277,"masculine"
"es","feminine","película","forzuda",0.242242170381919,"masculine"
"es","feminine","ala","vaquera",0.263289129908428,"masculine"
"es","feminine","ala","macho",0.258222100714217,"masculine"
"es","feminine","ala","poderosa",0.230384831611598,"masculine"
"es","feminine","ala","primitiva",0.283786220687573,"masculine"
"es","feminine","ala","masculina",0.190893823153364,"masculine"
"es","feminine","ala","forzuda",0.210539255745001,"masculine"
"es","feminine","uña","vaquera",0.191353487891401,"masculine"
"es","feminine","uña","macho",0.192732583115418,"masculine"
"es","feminine","uña","poderosa",0.140523265536996,"masculine"
"es","feminine","uña","primitiva",0.20506571092705,"masculine"
"es","feminine","uña","masculina",0.109915976208416,"masculine"
"es","feminine","uña","forzuda",0.193424213282836,"masculine"
"es","feminine","cabeza","vaquera",0.20462900981893,"masculine"
"es","feminine","cabeza","macho",0.236939220981433,"masculine"
"es","feminine","cabeza","poderosa",0.297582492761462,"masculine"
"es","feminine","cabeza","primitiva",0.268132141914585,"masculine"
"es","feminine","cabeza","masculina",0.239976554507511,"masculine"
"es","feminine","cabeza","forzuda",0.259827834370988,"masculine"
"es","feminine","llave","vaquera",0.17609621405131,"masculine"
"es","feminine","llave","macho",0.10773164569045,"masculine"
"es","feminine","llave","poderosa",0.312444504778565,"masculine"
"es","feminine","llave","primitiva",0.256295340092585,"masculine"
"es","feminine","llave","masculina",0.176935880355773,"masculine"
"es","feminine","llave","forzuda",0.173595976992004,"masculine"
"es","feminine","barriga","vaquera",0.234598624834205,"masculine"
"es","feminine","barriga","macho",0.217181786776563,"masculine"
"es","feminine","barriga","poderosa",0.212469438181963,"masculine"
"es","feminine","barriga","primitiva",0.214968671684995,"masculine"
"es","feminine","barriga","masculina",0.17212160042572,"masculine"
"es","feminine","barriga","forzuda",0.37002710436946,"masculine"
"es","masculine","tenedor","vaquera",0.157800446556531,"masculine"
"es","masculine","tenedor","macho",0.154024354683819,"masculine"
"es","masculine","tenedor","poderosa",0.0886635789295461,"masculine"
"es","masculine","tenedor","primitiva",0.0726638152008256,"masculine"
"es","masculine","tenedor","masculina",-0.0129246635206436,"masculine"
"es","masculine","tenedor","forzuda",0.139542738560611,"masculine"
"es","masculine","ratón","vaquera",0.139863681669079,"masculine"
"es","masculine","ratón","macho",0.303406012986153,"masculine"
"es","masculine","ratón","poderosa",0.121476849822097,"masculine"
"es","masculine","ratón","primitiva",0.172684924394899,"masculine"
"es","masculine","ratón","masculina",0.0140585677975173,"masculine"
"es","masculine","ratón","forzuda",0.244092759387005,"masculine"
"es","masculine","gato","vaquera",0.180090581816984,"masculine"
"es","masculine","gato","macho",0.444808530317879,"masculine"
"es","masculine","gato","poderosa",0.0592962794346886,"masculine"
"es","masculine","gato","primitiva",0.149217530001165,"masculine"
"es","masculine","gato","masculina",0.0776025322131017,"masculine"
"es","masculine","gato","forzuda",0.27805094053208,"masculine"
"es","masculine","calcetín","vaquera",0.253365544033812,"masculine"
"es","masculine","calcetín","macho",0.218758634061719,"masculine"
"es","masculine","calcetín","poderosa",0.0162097076631748,"masculine"
"es","masculine","calcetín","primitiva",0.140180103659101,"masculine"
"es","masculine","calcetín","masculina",0.140040839192982,"masculine"
"es","masculine","calcetín","forzuda",0.157155351614631,"masculine"
"es","masculine","calzoncillos","vaquera",0.281604387272097,"masculine"
"es","masculine","calzoncillos","macho",0.253583620336456,"masculine"
"es","masculine","calzoncillos","poderosa",0.0263243361588653,"masculine"
"es","masculine","calzoncillos","primitiva",0.0723388267051173,"masculine"
"es","masculine","calzoncillos","masculina",0.222608137792235,"masculine"
"es","masculine","calzoncillos","forzuda",0.185607064841547,"masculine"
"es","masculine","pantalones","vaquera",0.405122597849356,"masculine"
"es","masculine","pantalones","macho",0.187853932812683,"masculine"
"es","masculine","pantalones","poderosa",0.065112613654586,"masculine"
"es","masculine","pantalones","primitiva",0.0600742231389442,"masculine"
"es","masculine","pantalones","masculina",0.22796547614923,"masculine"
"es","masculine","pantalones","forzuda",0.200810269183326,"masculine"
"es","masculine","sol","vaquera",0.204979379877429,"masculine"
"es","masculine","sol","macho",0.201433293226133,"masculine"
"es","masculine","sol","poderosa",0.0987686604691146,"masculine"
"es","masculine","sol","primitiva",0.118226892383463,"masculine"
"es","masculine","sol","masculina",0.117614120177552,"masculine"
"es","masculine","sol","forzuda",0.109455703950972,"masculine"
"es","masculine","reloj","vaquera",0.107791464248139,"masculine"
"es","masculine","reloj","macho",0.178185202222757,"masculine"
"es","masculine","reloj","poderosa",0.106861473305439,"masculine"
"es","masculine","reloj","primitiva",0.120624865517153,"masculine"
"es","masculine","reloj","masculina",0.164258561184704,"masculine"
"es","masculine","reloj","forzuda",0.103168469654995,"masculine"
"es","masculine","vestidor","vaquera",0.230129037579359,"masculine"
"es","masculine","vestidor","macho",0.155685996705633,"masculine"
"es","masculine","vestidor","poderosa",0.0626594733780788,"masculine"
"es","masculine","vestidor","primitiva",-0.0109715005610422,"masculine"
"es","masculine","vestidor","masculina",0.155454315648254,"masculine"
"es","masculine","vestidor","forzuda",0.143831416271838,"masculine"
"es","masculine","tambor","vaquera",0.19419754617989,"masculine"
"es","masculine","tambor","macho",0.273055609915479,"masculine"
"es","masculine","tambor","poderosa",0.116991640108374,"masculine"
"es","masculine","tambor","primitiva",0.193507766802013,"masculine"
"es","masculine","tambor","masculina",0.0920986382409121,"masculine"
"es","masculine","tambor","forzuda",0.210532884554027,"masculine"
"es","masculine","hombro","vaquera",0.201931227708929,"masculine"
"es","masculine","hombro","macho",0.193121735273533,"masculine"
"es","masculine","hombro","poderosa",0.127108700598123,"masculine"
"es","masculine","hombro","primitiva",0.0787783263224964,"masculine"
"es","masculine","hombro","masculina",0.224108642504501,"masculine"
"es","masculine","hombro","forzuda",0.272152533026032,"masculine"
"es","masculine","sofá","vaquera",0.268160725232245,"masculine"
"es","masculine","sofá","macho",0.202212556354397,"masculine"
"es","masculine","sofá","poderosa",0.0400680173522883,"masculine"
"es","masculine","sofá","primitiva",0.0405335466552525,"masculine"
"es","masculine","sofá","masculina",0.0901032317467242,"masculine"
"es","masculine","sofá","forzuda",0.172030295032047,"masculine"
"es","masculine","colchón","vaquera",0.163730612032365,"masculine"
"es","masculine","colchón","macho",0.14469956687115,"masculine"
"es","masculine","colchón","poderosa",0.0112167529428691,"masculine"
"es","masculine","colchón","primitiva",0.0290920882755254,"masculine"
"es","masculine","colchón","masculina",0.0255402798720595,"masculine"
"es","masculine","colchón","forzuda",0.0955415114629057,"masculine"
"es","masculine","balancín","vaquera",0.239229163532054,"masculine"
"es","masculine","balancín","macho",0.214738123821956,"masculine"
"es","masculine","balancín","poderosa",0.112785721702672,"masculine"
"es","masculine","balancín","primitiva",0.117990587648176,"masculine"
"es","masculine","balancín","masculina",0.0610593876624235,"masculine"
"es","masculine","balancín","forzuda",0.235248795069276,"masculine"
"es","masculine","collar","vaquera",0.279646716373032,"masculine"
"es","masculine","collar","macho",0.31040813347016,"masculine"
"es","masculine","collar","poderosa",0.0961193867073463,"masculine"
"es","masculine","collar","primitiva",0.0941255080430123,"masculine"
"es","masculine","collar","masculina",0.104087173575257,"masculine"
"es","masculine","collar","forzuda",0.147069181588507,"masculine"
"es","masculine","techo","vaquera",0.122318977971168,"masculine"
"es","masculine","techo","macho",0.161256439064114,"masculine"
"es","masculine","techo","poderosa",0.056395319963243,"masculine"
"es","masculine","techo","primitiva",0.151942068391619,"masculine"
"es","masculine","techo","masculina",0.0732586135236425,"masculine"
"es","masculine","techo","forzuda",0.125892390015163,"masculine"
"es","masculine","granero","vaquera",0.233932903107796,"masculine"
"es","masculine","granero","macho",0.158530996445343,"masculine"
"es","masculine","granero","poderosa",0.119978121778811,"masculine"
"es","masculine","granero","primitiva",0.256889974901008,"masculine"
"es","masculine","granero","masculina",0.0685241971319804,"masculine"
"es","masculine","granero","forzuda",0.180773334255693,"masculine"
"es","masculine","puente","vaquera",0.0712226843648672,"masculine"
"es","masculine","puente","macho",0.170756029657531,"masculine"
"es","masculine","puente","poderosa",0.0905208655308681,"masculine"
"es","masculine","puente","primitiva",0.128834978215978,"masculine"
"es","masculine","puente","masculina",0.0202845283697598,"masculine"
"es","masculine","puente","forzuda",0.134323269807632,"masculine"
"es","feminine","luna","vaquero",0.14641155887261,"masculine"
"es","feminine","luna","poderoso",0.117261511903236,"masculine"
"es","feminine","luna","primitivo",0.177463902321183,"masculine"
"es","feminine","luna","masculino",0.0556486114967502,"masculine"
"es","feminine","luna","forzudo",0.0778015321870546,"masculine"
"es","feminine","lluvia","vaquero",0.157556240117079,"masculine"
"es","feminine","lluvia","poderoso",0.11570701557413,"masculine"
"es","feminine","lluvia","primitivo",0.0869960415984617,"masculine"
"es","feminine","lluvia","masculino",0.0439152980088179,"masculine"
"es","feminine","lluvia","forzudo",0.0365917648607602,"masculine"
"es","feminine","mariposa","vaquero",0.189414343958957,"masculine"
"es","feminine","mariposa","poderoso",0.116051660372481,"masculine"
"es","feminine","mariposa","primitivo",0.15547198873473,"masculine"
"es","feminine","mariposa","masculino",0.203260632579796,"masculine"
"es","feminine","mariposa","forzudo",0.178350427295331,"masculine"
"es","feminine","pez","vaquero",0.237959871262261,"masculine"
"es","feminine","pez","poderoso",0.227994033047096,"masculine"
"es","feminine","pez","primitivo",0.229449524622321,"masculine"
"es","feminine","pez","masculino",0.185492443696806,"masculine"
"es","feminine","pez","forzudo",0.273030366185063,"masculine"
"es","feminine","suciedad","vaquero",0.10462845556142,"masculine"
"es","feminine","suciedad","poderoso",0.0603102929738743,"masculine"
"es","feminine","suciedad","primitivo",0.186548846341751,"masculine"
"es","feminine","suciedad","masculino",0.0879554108418656,"masculine"
"es","feminine","suciedad","forzudo",0.080227487724509,"masculine"
"es","feminine","cocina","vaquero",0.184342199042704,"masculine"
"es","feminine","cocina","poderoso",0.0209348954041977,"masculine"
"es","feminine","cocina","primitivo",0.114883047269532,"masculine"
"es","feminine","cocina","masculino",0.112210471366552,"masculine"
"es","feminine","cocina","forzudo",0.1002301816996,"masculine"
"es","feminine","arena","vaquero",0.227563417110841,"masculine"
"es","feminine","arena","poderoso",0.105496552195303,"masculine"
"es","feminine","arena","primitivo",0.132277612686399,"masculine"
"es","feminine","arena","masculino",0.0839292882838569,"masculine"
"es","feminine","arena","forzudo",0.143403289067211,"masculine"
"es","feminine","caja","vaquero",0.144016999110339,"masculine"
"es","feminine","caja","poderoso",0.132463998289257,"masculine"
"es","feminine","caja","primitivo",0.138658274128639,"masculine"
"es","feminine","caja","masculino",0.103752913932675,"masculine"
"es","feminine","caja","forzudo",0.14137422269607,"masculine"
"es","feminine","pijama","vaquero",0.436314871906218,"masculine"
"es","feminine","pijama","poderoso",0.070229911145762,"masculine"
"es","feminine","pijama","primitivo",0.153971303050036,"masculine"
"es","feminine","pijama","masculino",0.199415134516014,"masculine"
"es","feminine","pijama","forzudo",0.225926600601351,"masculine"
"es","feminine","jaula","vaquero",0.155714889261521,"masculine"
"es","feminine","jaula","poderoso",0.0436626303243669,"masculine"
"es","feminine","jaula","primitivo",0.113560521417745,"masculine"
"es","feminine","jaula","masculino",0.0728444364158836,"masculine"
"es","feminine","jaula","forzudo",0.211993959419258,"masculine"
"es","feminine","estrella","vaquero",0.26061651368265,"masculine"
"es","feminine","estrella","poderoso",0.230274474853907,"masculine"
"es","feminine","estrella","primitivo",0.138976241166751,"masculine"
"es","feminine","estrella","masculino",0.177958666373464,"masculine"
"es","feminine","estrella","forzudo",0.199404978859828,"masculine"
"es","feminine","silla","vaquero",0.226736668424564,"masculine"
"es","feminine","silla","poderoso",0.0734226838536813,"masculine"
"es","feminine","silla","primitivo",0.0716395155215884,"masculine"
"es","feminine","silla","masculino",0.13153467023049,"masculine"
"es","feminine","silla","forzudo",0.23725120610052,"masculine"
"es","feminine","película","vaquero",0.217064611937348,"masculine"
"es","feminine","película","poderoso",0.0792686365282358,"masculine"
"es","feminine","película","primitivo",0.108225040422009,"masculine"
"es","feminine","película","masculino",0.159145867838652,"masculine"
"es","feminine","película","forzudo",0.204559229623046,"masculine"
"es","feminine","ala","vaquero",0.183975559431854,"masculine"
"es","feminine","ala","poderoso",0.120173445246076,"masculine"
"es","feminine","ala","primitivo",0.167748696021623,"masculine"
"es","feminine","ala","masculino",0.121887569452196,"masculine"
"es","feminine","ala","forzudo",0.101346641044217,"masculine"
"es","feminine","uña","vaquero",0.118034512835454,"masculine"
"es","feminine","uña","poderoso",0.0102829430596397,"masculine"
"es","feminine","uña","primitivo",0.102863364209015,"masculine"
"es","feminine","uña","masculino",0.0285245537103236,"masculine"
"es","feminine","uña","forzudo",0.0940265852594358,"masculine"
"es","feminine","cabeza","vaquero",0.197100374208582,"masculine"
"es","feminine","cabeza","poderoso",0.175773351214561,"masculine"
"es","feminine","cabeza","primitivo",0.167172982409655,"masculine"
"es","feminine","cabeza","masculino",0.171077787624672,"masculine"
"es","feminine","cabeza","forzudo",0.210857433939701,"masculine"
"es","feminine","llave","vaquero",0.126420567601365,"masculine"
"es","feminine","llave","poderoso",0.145617524262849,"masculine"
"es","feminine","llave","primitivo",0.112175009229254,"masculine"
"es","feminine","llave","masculino",0.0981087450304926,"masculine"
"es","feminine","llave","forzudo",0.0560571431549451,"masculine"
"es","feminine","barriga","vaquero",0.214157031324972,"masculine"
"es","feminine","barriga","poderoso",0.0648607029484962,"masculine"
"es","feminine","barriga","primitivo",0.0733806717939254,"masculine"
"es","feminine","barriga","masculino",0.090434577927899,"masculine"
"es","feminine","barriga","forzudo",0.294664354947896,"masculine"
"es","masculine","tenedor","vaquero",0.192494942255919,"masculine"
"es","masculine","tenedor","poderoso",0.170238392925816,"masculine"
"es","masculine","tenedor","primitivo",0.165686970729265,"masculine"
"es","masculine","tenedor","masculino",0.0645680393474384,"masculine"
"es","masculine","tenedor","forzudo",0.24423672246386,"masculine"
"es","masculine","ratón","vaquero",0.351364031129514,"masculine"
"es","masculine","ratón","poderoso",0.269179419606735,"masculine"
"es","masculine","ratón","primitivo",0.272416121190298,"masculine"
"es","masculine","ratón","masculino",0.145991981916192,"masculine"
"es","masculine","ratón","forzudo",0.304628583768174,"masculine"
"es","masculine","gato","vaquero",0.337264872674092,"masculine"
"es","masculine","gato","poderoso",0.228421147287833,"masculine"
"es","masculine","gato","primitivo",0.283868141959422,"masculine"
"es","masculine","gato","masculino",0.206256875532531,"masculine"
"es","masculine","gato","forzudo",0.307135327130701,"masculine"
"es","masculine","calcetín","vaquero",0.421357463820307,"masculine"
"es","masculine","calcetín","poderoso",0.159951041066473,"masculine"
"es","masculine","calcetín","primitivo",0.236201002910771,"masculine"
"es","masculine","calcetín","masculino",0.211765925631396,"masculine"
"es","masculine","calcetín","forzudo",0.232361910142692,"masculine"
"es","masculine","calzoncillos","vaquero",0.413395260271596,"masculine"
"es","masculine","calzoncillos","poderoso",0.0900293807525844,"masculine"
"es","masculine","calzoncillos","primitivo",0.0878284749397763,"masculine"
"es","masculine","calzoncillos","masculino",0.228004460569257,"masculine"
"es","masculine","calzoncillos","forzudo",0.285455668566765,"masculine"
"es","masculine","pantalones","vaquero",0.514195405166024,"masculine"
"es","masculine","pantalones","poderoso",0.051255728025785,"masculine"
"es","masculine","pantalones","primitivo",0.0298218239517801,"masculine"
"es","masculine","pantalones","masculino",0.208913803255615,"masculine"
"es","masculine","pantalones","forzudo",0.223774994109531,"masculine"
"es","masculine","sol","vaquero",0.277975791512128,"masculine"
"es","masculine","sol","poderoso",0.213320227199603,"masculine"
"es","masculine","sol","primitivo",0.221002430900186,"masculine"
"es","masculine","sol","masculino",0.145287663736597,"masculine"
"es","masculine","sol","forzudo",0.0847750406540686,"masculine"
"es","masculine","reloj","vaquero",0.259855258218112,"masculine"
"es","masculine","reloj","poderoso",0.205513928408283,"masculine"
"es","masculine","reloj","primitivo",0.211995277645206,"masculine"
"es","masculine","reloj","masculino",0.19914136268609,"masculine"
"es","masculine","reloj","forzudo",0.143312352554959,"masculine"
"es","masculine","vestidor","vaquero",0.309887674481348,"masculine"
"es","masculine","vestidor","poderoso",0.131591277020513,"masculine"
"es","masculine","vestidor","primitivo",0.065309211681912,"masculine"
"es","masculine","vestidor","masculino",0.199479025575429,"masculine"
"es","masculine","vestidor","forzudo",0.121014439998333,"masculine"
"es","masculine","tambor","vaquero",0.301869689423043,"masculine"
"es","masculine","tambor","poderoso",0.206369682314742,"masculine"
"es","masculine","tambor","primitivo",0.248536984037646,"masculine"
"es","masculine","tambor","masculino",0.165071371338996,"masculine"
"es","masculine","tambor","forzudo",0.227054836850474,"masculine"
"es","masculine","hombro","vaquero",0.337251134828781,"masculine"
"es","masculine","hombro","poderoso",0.158399547996988,"masculine"
"es","masculine","hombro","primitivo",0.0999533256917563,"masculine"
"es","masculine","hombro","masculino",0.20611577352994,"masculine"
"es","masculine","hombro","forzudo",0.269556186474306,"masculine"
"es","masculine","sofá","vaquero",0.305204323351707,"masculine"
"es","masculine","sofá","poderoso",0.139301765792232,"masculine"
"es","masculine","sofá","primitivo",0.130599287507658,"masculine"
"es","masculine","sofá","masculino",0.148943909592043,"masculine"
"es","masculine","sofá","forzudo",0.242850173020883,"masculine"
"es","masculine","colchón","vaquero",0.212766687872434,"masculine"
"es","masculine","colchón","poderoso",0.182718696610557,"masculine"
"es","masculine","colchón","primitivo",0.136213406597372,"masculine"
"es","masculine","colchón","masculino",0.0972365401026457,"masculine"
"es","masculine","colchón","forzudo",0.224152253493175,"masculine"
"es","masculine","balancín","vaquero",0.252135147387527,"masculine"
"es","masculine","balancín","poderoso",0.186209391350292,"masculine"
"es","masculine","balancín","primitivo",0.195851896693787,"masculine"
"es","masculine","balancín","masculino",0.128338219016989,"masculine"
"es","masculine","balancín","forzudo",0.312467037149719,"masculine"
"es","masculine","collar","vaquero",0.359500382491323,"masculine"
"es","masculine","collar","poderoso",0.213968472203834,"masculine"
"es","masculine","collar","primitivo",0.22571692888125,"masculine"
"es","masculine","collar","masculino",0.167972559279558,"masculine"
"es","masculine","collar","forzudo",0.0911760939776194,"masculine"
"es","masculine","techo","vaquero",0.174545167198406,"masculine"
"es","masculine","techo","poderoso",0.171487746925254,"masculine"
"es","masculine","techo","primitivo",0.247979061417373,"masculine"
"es","masculine","techo","masculino",0.144006259740039,"masculine"
"es","masculine","techo","forzudo",0.181451284031811,"masculine"
"es","masculine","granero","vaquero",0.345281040596255,"masculine"
"es","masculine","granero","poderoso",0.241022557995965,"masculine"
"es","masculine","granero","primitivo",0.37529524773869,"masculine"
"es","masculine","granero","masculino",0.139837180702977,"masculine"
"es","masculine","granero","forzudo",0.258322613142025,"masculine"
"es","masculine","puente","vaquero",0.188180551664731,"masculine"
"es","masculine","puente","poderoso",0.203381194001833,"masculine"
"es","masculine","puente","primitivo",0.231988040493619,"masculine"
"es","masculine","puente","masculino",0.0550239579472987,"masculine"
"es","masculine","puente","forzudo",0.147447206262223,"masculine"
"es","feminine","luna","femenina",0.17858242780204,"feminine"
"es","feminine","luna","virgen",0.318287633584278,"feminine"
"es","feminine","luna","sensual",0.221032583377869,"feminine"
"es","feminine","luna","despampanante",0.209123128002515,"feminine"
"es","feminine","luna","sexy",0.17791282926972,"feminine"
"es","feminine","luna","sentimental",0.222321879076733,"feminine"
"es","feminine","lluvia","femenina",0.119925932151704,"feminine"
"es","feminine","lluvia","virgen",0.234225931174362,"feminine"
"es","feminine","lluvia","sensual",0.188154896068906,"feminine"
"es","feminine","lluvia","despampanante",0.12625760156457,"feminine"
"es","feminine","lluvia","sexy",0.105360721334679,"feminine"
"es","feminine","lluvia","sentimental",0.154527272402366,"feminine"
"es","feminine","mariposa","femenina",0.307671882034223,"feminine"
"es","feminine","mariposa","virgen",0.220362563504575,"feminine"
"es","feminine","mariposa","sensual",0.251514693485248,"feminine"
"es","feminine","mariposa","despampanante",0.211314278004854,"feminine"
"es","feminine","mariposa","sexy",0.229339309803801,"feminine"
"es","feminine","mariposa","sentimental",0.144322760039345,"feminine"
"es","feminine","pez","femenina",0.0898309963691404,"feminine"
"es","feminine","pez","virgen",0.174312048341018,"feminine"
"es","feminine","pez","sensual",0.164169557868602,"feminine"
"es","feminine","pez","despampanante",0.15678872035457,"feminine"
"es","feminine","pez","sexy",0.161734256736563,"feminine"
"es","feminine","pez","sentimental",0.104041323544498,"feminine"
"es","feminine","suciedad","femenina",0.181724479856851,"feminine"
"es","feminine","suciedad","virgen",0.185211700825571,"feminine"
"es","feminine","suciedad","sensual",0.199001798220066,"feminine"
"es","feminine","suciedad","despampanante",0.142111196060902,"feminine"
"es","feminine","suciedad","sexy",0.122059430477167,"feminine"
"es","feminine","suciedad","sentimental",0.177713461237904,"feminine"
"es","feminine","cocina","femenina",0.225989430205276,"feminine"
"es","feminine","cocina","virgen",0.168580786869862,"feminine"
"es","feminine","cocina","sensual",0.19589471530899,"feminine"
"es","feminine","cocina","despampanante",0.196933460978751,"feminine"
"es","feminine","cocina","sexy",0.198830043345222,"feminine"
"es","feminine","cocina","sentimental",0.168123825673668,"feminine"
"es","feminine","arena","femenina",0.138907430920437,"feminine"
"es","feminine","arena","virgen",0.214909116255987,"feminine"
"es","feminine","arena","sensual",0.17914177094232,"feminine"
"es","feminine","arena","despampanante",0.155363778469335,"feminine"
"es","feminine","arena","sexy",0.157895179768025,"feminine"
"es","feminine","arena","sentimental",0.130636256471002,"feminine"
"es","feminine","caja","femenina",0.203453058066625,"feminine"
"es","feminine","caja","virgen",0.2007256983629,"feminine"
"es","feminine","caja","sensual",0.160819462199014,"feminine"
"es","feminine","caja","despampanante",0.235651587911099,"feminine"
"es","feminine","caja","sexy",0.173085075193516,"feminine"
"es","feminine","caja","sentimental",0.185692472275942,"feminine"
"es","feminine","pijama","femenina",0.130389023204569,"feminine"
"es","feminine","pijama","virgen",0.187888461578289,"feminine"
"es","feminine","pijama","sensual",0.221646535404451,"feminine"
"es","feminine","pijama","despampanante",0.205834874826528,"feminine"
"es","feminine","pijama","sexy",0.349260687096284,"feminine"
"es","feminine","pijama","sentimental",0.166843741466276,"feminine"
"es","feminine","jaula","femenina",0.169574119647043,"feminine"
"es","feminine","jaula","virgen",0.115573548350037,"feminine"
"es","feminine","jaula","sensual",0.130012570154542,"feminine"
"es","feminine","jaula","despampanante",0.138919422236208,"feminine"
"es","feminine","jaula","sexy",0.134573987917896,"feminine"
"es","feminine","jaula","sentimental",0.151755816529888,"feminine"
"es","feminine","estrella","femenina",0.259487860402835,"feminine"
"es","feminine","estrella","virgen",0.226345856016712,"feminine"
"es","feminine","estrella","sensual",0.218714472368719,"feminine"
"es","feminine","estrella","despampanante",0.348835243946246,"feminine"
"es","feminine","estrella","sexy",0.256284300552696,"feminine"
"es","feminine","estrella","sentimental",0.223610663290195,"feminine"
"es","feminine","silla","femenina",0.184699869546282,"feminine"
"es","feminine","silla","virgen",0.155493204534632,"feminine"
"es","feminine","silla","sensual",0.133469326705845,"feminine"
"es","feminine","silla","despampanante",0.20267360896459,"feminine"
"es","feminine","silla","sexy",0.173767931856203,"feminine"
"es","feminine","silla","sentimental",0.101367674792695,"feminine"
"es","feminine","película","femenina",0.224164036782727,"feminine"
"es","feminine","película","virgen",0.248608105891089,"feminine"
"es","feminine","película","sensual",0.202342880770736,"feminine"
"es","feminine","película","despampanante",0.248886348975713,"feminine"
"es","feminine","película","sexy",0.203265611521999,"feminine"
"es","feminine","película","sentimental",0.266069708752455,"feminine"
"es","feminine","ala","femenina",0.187430048217695,"feminine"
"es","feminine","ala","virgen",0.174931360142171,"feminine"
"es","feminine","ala","sensual",0.0999550387372262,"feminine"
"es","feminine","ala","despampanante",0.120519983499247,"feminine"
"es","feminine","ala","sexy",0.115725328979722,"feminine"
"es","feminine","ala","sentimental",0.142692662784245,"feminine"
"es","feminine","uña","femenina",0.10889888604018,"feminine"
"es","feminine","uña","virgen",0.157479801570303,"feminine"
"es","feminine","uña","sensual",0.146349133039034,"feminine"
"es","feminine","uña","despampanante",0.156039527479179,"feminine"
"es","feminine","uña","sexy",0.102244465298225,"feminine"
"es","feminine","uña","sentimental",0.172227756037021,"feminine"
"es","feminine","cabeza","femenina",0.205028818532592,"feminine"
"es","feminine","cabeza","virgen",0.235115310594231,"feminine"
"es","feminine","cabeza","sensual",0.123298695512547,"feminine"
"es","feminine","cabeza","despampanante",0.187523881417434,"feminine"
"es","feminine","cabeza","sexy",0.147858964676075,"feminine"
"es","feminine","cabeza","sentimental",0.205514364620076,"feminine"
"es","feminine","llave","femenina",0.196801587217617,"feminine"
"es","feminine","llave","virgen",0.210166387810732,"feminine"
"es","feminine","llave","sensual",0.137726121700823,"feminine"
"es","feminine","llave","despampanante",0.143837509192547,"feminine"
"es","feminine","llave","sexy",0.0911484170456636,"feminine"
"es","feminine","llave","sentimental",0.169906364414818,"feminine"
"es","feminine","barriga","femenina",0.184580771562196,"feminine"
"es","feminine","barriga","virgen",0.206089256185973,"feminine"
"es","feminine","barriga","sensual",0.185544412474888,"feminine"
"es","feminine","barriga","despampanante",0.292015012284391,"feminine"
"es","feminine","barriga","sexy",0.253163117957992,"feminine"
"es","feminine","barriga","sentimental",0.138788179573326,"feminine"
"es","masculine","tenedor","femenina",-0.00820532604166003,"feminine"
"es","masculine","tenedor","virgen",0.0404562874629745,"feminine"
"es","masculine","tenedor","sensual",0.0979801136394391,"feminine"
"es","masculine","tenedor","despampanante",0.0855768676840116,"feminine"
"es","masculine","tenedor","sexy",0.0877720514693178,"feminine"
"es","masculine","tenedor","sentimental",0.0967697579059752,"feminine"
"es","masculine","ratón","femenina",0.0441870842170112,"feminine"
"es","masculine","ratón","virgen",0.04413028451943,"feminine"
"es","masculine","ratón","sensual",0.113291238386216,"feminine"
"es","masculine","ratón","despampanante",0.126431382555822,"feminine"
"es","masculine","ratón","sexy",0.185824337261314,"feminine"
"es","masculine","ratón","sentimental",0.0874284752815933,"feminine"
"es","masculine","gato","femenina",0.0923565393204711,"feminine"
"es","masculine","gato","virgen",0.149316241497189,"feminine"
"es","masculine","gato","sensual",0.171942810304118,"feminine"
"es","masculine","gato","despampanante",0.154266227276287,"feminine"
"es","masculine","gato","sexy",0.222408130545736,"feminine"
"es","masculine","gato","sentimental",0.165137411974586,"feminine"
"es","masculine","calcetín","femenina",0.119654466910859,"feminine"
"es","masculine","calcetín","virgen",0.192040861628692,"feminine"
"es","masculine","calcetín","sensual",0.120345127676177,"feminine"
"es","masculine","calcetín","despampanante",0.0640555741364071,"feminine"
"es","masculine","calcetín","sexy",0.17531017703921,"feminine"
"es","masculine","calcetín","sentimental",0.193354348746094,"feminine"
"es","masculine","calzoncillos","femenina",0.158449368812983,"feminine"
"es","masculine","calzoncillos","virgen",0.173150635510259,"feminine"
"es","masculine","calzoncillos","sensual",0.184449079409479,"feminine"
"es","masculine","calzoncillos","despampanante",0.232963770639925,"feminine"
"es","masculine","calzoncillos","sexy",0.346590637972686,"feminine"
"es","masculine","calzoncillos","sentimental",0.138927368474648,"feminine"
"es","masculine","pantalones","femenina",0.210332678342721,"feminine"
"es","masculine","pantalones","virgen",0.124006014372921,"feminine"
"es","masculine","pantalones","sensual",0.165263913762235,"feminine"
"es","masculine","pantalones","despampanante",0.160376566814229,"feminine"
"es","masculine","pantalones","sexy",0.336353100364483,"feminine"
"es","masculine","pantalones","sentimental",0.110899653377997,"feminine"
"es","masculine","sol","femenina",0.0605776046810347,"feminine"
"es","masculine","sol","virgen",0.201476085934007,"feminine"
"es","masculine","sol","sensual",0.176055265379549,"feminine"
"es","masculine","sol","despampanante",0.194892236122212,"feminine"
"es","masculine","sol","sexy",0.156122062537316,"feminine"
"es","masculine","sol","sentimental",0.102402880025452,"feminine"
"es","masculine","reloj","femenina",0.14143896653548,"feminine"
"es","masculine","reloj","virgen",0.072915844507289,"feminine"
"es","masculine","reloj","sensual",0.131904263776773,"feminine"
"es","masculine","reloj","despampanante",0.152884942487206,"feminine"
"es","masculine","reloj","sexy",0.170648787527608,"feminine"
"es","masculine","reloj","sentimental",0.140882486616746,"feminine"
"es","masculine","vestidor","femenina",0.162765821733801,"feminine"
"es","masculine","vestidor","virgen",0.153782181820642,"feminine"
"es","masculine","vestidor","sensual",0.169677319331638,"feminine"
"es","masculine","vestidor","despampanante",0.13595916983685,"feminine"
"es","masculine","vestidor","sexy",0.244676892184125,"feminine"
"es","masculine","vestidor","sentimental",0.127598315857764,"feminine"
"es","masculine","tambor","femenina",0.103768492648392,"feminine"
"es","masculine","tambor","virgen",0.174951573799943,"feminine"
"es","masculine","tambor","sensual",0.138925347097801,"feminine"
"es","masculine","tambor","despampanante",0.0805809868544718,"feminine"
"es","masculine","tambor","sexy",0.118081761509022,"feminine"
"es","masculine","tambor","sentimental",0.132616263951125,"feminine"
"es","masculine","hombro","femenina",0.196194481633394,"feminine"
"es","masculine","hombro","virgen",0.147353540688792,"feminine"
"es","masculine","hombro","sensual",0.181576984166639,"feminine"
"es","masculine","hombro","despampanante",0.108900622314455,"feminine"
"es","masculine","hombro","sexy",0.212476298748492,"feminine"
"es","masculine","hombro","sentimental",0.239876219260335,"feminine"
"es","masculine","sofá","femenina",0.062900738619044,"feminine"
"es","masculine","sofá","virgen",0.0988584803542389,"feminine"
"es","masculine","sofá","sensual",0.165958607548768,"feminine"
"es","masculine","sofá","despampanante",0.169498144189054,"feminine"
"es","masculine","sofá","sexy",0.204234400890027,"feminine"
"es","masculine","sofá","sentimental",0.153348174777506,"feminine"
"es","masculine","colchón","femenina",0.0302117202842183,"feminine"
"es","masculine","colchón","virgen",0.158644450596686,"feminine"
"es","masculine","colchón","sensual",0.106444577942793,"feminine"
"es","masculine","colchón","despampanante",0.0665019949479915,"feminine"
"es","masculine","colchón","sexy",0.10286030906218,"feminine"
"es","masculine","colchón","sentimental",0.163259185594707,"feminine"
"es","masculine","balancín","femenina",0.0546882475075071,"feminine"
"es","masculine","balancín","virgen",0.0569767159891446,"feminine"
"es","masculine","balancín","sensual",0.115557990249363,"feminine"
"es","masculine","balancín","despampanante",0.0606527835130515,"feminine"
"es","masculine","balancín","sexy",0.112219098119178,"feminine"
"es","masculine","balancín","sentimental",0.111693602895702,"feminine"
"es","masculine","collar","femenina",0.118371585109954,"feminine"
"es","masculine","collar","virgen",0.139747595136273,"feminine"
"es","masculine","collar","sensual",0.213459265313362,"feminine"
"es","masculine","collar","despampanante",0.154464870229111,"feminine"
"es","masculine","collar","sexy",0.247390991569643,"feminine"
"es","masculine","collar","sentimental",0.217214029443124,"feminine"
"es","masculine","techo","femenina",0.0530434734887946,"feminine"
"es","masculine","techo","virgen",0.132477177052961,"feminine"
"es","masculine","techo","sensual",0.0715392906299545,"feminine"
"es","masculine","techo","despampanante",0.139909422034205,"feminine"
"es","masculine","techo","sexy",0.0769388191242677,"feminine"
"es","masculine","techo","sentimental",0.110098250204913,"feminine"
"es","masculine","granero","femenina",0.0717856061482312,"feminine"
"es","masculine","granero","virgen",0.160419189486273,"feminine"
"es","masculine","granero","sensual",0.0595527018959295,"feminine"
"es","masculine","granero","despampanante",0.120244534954425,"feminine"
"es","masculine","granero","sexy",0.107897392187756,"feminine"
"es","masculine","granero","sentimental",0.110620758458332,"feminine"
"es","masculine","puente","femenina",0.00989753901047777,"feminine"
"es","masculine","puente","virgen",0.132397404067873,"feminine"
"es","masculine","puente","sensual",0.0723880759237495,"feminine"
"es","masculine","puente","despampanante",0.108462647243322,"feminine"
"es","masculine","puente","sexy",0.0903932927234329,"feminine"
"es","masculine","puente","sentimental",0.18280172660526,"feminine"
"es","feminine","luna","femenino",0.0901299247994406,"feminine"
"es","feminine","lluvia","femenino",0.0462051969732716,"feminine"
"es","feminine","mariposa","femenino",0.235184509598355,"feminine"
"es","feminine","pez","femenino",0.16308680344027,"feminine"
"es","feminine","suciedad","femenino",0.0963236383368469,"feminine"
"es","feminine","cocina","femenino",0.133969837769146,"feminine"
"es","feminine","arena","femenino",0.103306911371645,"feminine"
"es","feminine","caja","femenino",0.128779849564928,"feminine"
"es","feminine","pijama","femenino",0.19768323238656,"feminine"
"es","feminine","jaula","femenino",0.0623194988503882,"feminine"
"es","feminine","estrella","femenino",0.189844237648168,"feminine"
"es","feminine","silla","femenino",0.112120468444315,"feminine"
"es","feminine","película","femenino",0.140764002085557,"feminine"
"es","feminine","ala","femenino",0.121227568584933,"feminine"
"es","feminine","uña","femenino",0.0246977725187127,"feminine"
"es","feminine","cabeza","femenino",0.150989669909856,"feminine"
"es","feminine","llave","femenino",0.100826336691846,"feminine"
"es","feminine","barriga","femenino",0.103798321941506,"feminine"
"es","masculine","tenedor","femenino",0.0189963777263894,"feminine"
"es","masculine","ratón","femenino",0.147891133290292,"feminine"
"es","masculine","gato","femenino",0.194213759308034,"feminine"
"es","masculine","calcetín","femenino",0.2396257760639,"feminine"
"es","masculine","calzoncillos","femenino",0.156468532085263,"feminine"
"es","masculine","pantalones","femenino",0.183714893541118,"feminine"
"es","masculine","sol","femenino",0.132330670432141,"feminine"
"es","masculine","reloj","femenino",0.20949052430102,"feminine"
"es","masculine","vestidor","femenino",0.228500026439219,"feminine"
"es","masculine","tambor","femenino",0.146027095429346,"feminine"
"es","masculine","hombro","femenino",0.205396702938341,"feminine"
"es","masculine","sofá","femenino",0.138539243947266,"feminine"
"es","masculine","colchón","femenino",0.0966484512806847,"feminine"
"es","masculine","balancín","femenino",0.142880704182191,"feminine"
"es","masculine","collar","femenino",0.192881230544432,"feminine"
"es","masculine","techo","femenino",0.14731114559346,"feminine"
"es","masculine","granero","femenino",0.173727992609886,"feminine"
"es","masculine","puente","femenino",0.0447197280483178,"feminine"
"de","masculine","Mond","allein",0.256667741997237,"masculine"
"de","masculine","Mond","männisch",0.27625645594111,"masculine"
"de","masculine","Mond","fraulich",0.14982846597218,"masculine"
"de","masculine","Mond","zärtlich",0.242158544591763,"masculine"
"de","masculine","Mond","sterbend",0.254202547914962,"masculine"
"de","masculine","Mond","hochtechnologisch",0.239482724370171,"masculine"
"de","masculine","Mond","sentimentalisch",0.198965521337577,"masculine"
"de","masculine","Regen","allein",0.275840164352966,"masculine"
"de","masculine","Regen","männisch",0.291062964633468,"masculine"
"de","masculine","Regen","fraulich",0.103196390857252,"masculine"
"de","masculine","Regen","zärtlich",0.119217251856529,"masculine"
"de","masculine","Regen","sterbend",0.237208832143452,"masculine"
"de","masculine","Regen","hochtechnologisch",0.204141068477185,"masculine"
"de","masculine","Regen","sentimentalisch",0.28051319001063,"masculine"
"de","masculine","Schmetterling","allein",0.176727997301439,"masculine"
"de","masculine","Schmetterling","männisch",0.264419920065638,"masculine"
"de","masculine","Schmetterling","fraulich",0.236591982997583,"masculine"
"de","masculine","Schmetterling","zärtlich",0.224006529693756,"masculine"
"de","masculine","Schmetterling","sterbend",0.245236760392854,"masculine"
"de","masculine","Schmetterling","hochtechnologisch",0.22969055460807,"masculine"
"de","masculine","Schmetterling","sentimentalisch",0.263404249728419,"masculine"
"de","masculine","Fisch","allein",0.219329156412027,"masculine"
"de","masculine","Fisch","männisch",0.274241672705068,"masculine"
"de","masculine","Fisch","fraulich",0.142126578301368,"masculine"
"de","masculine","Fisch","zärtlich",0.198493548638824,"masculine"
"de","masculine","Fisch","sterbend",0.190158969176253,"masculine"
"de","masculine","Fisch","hochtechnologisch",0.191050640423961,"masculine"
"de","masculine","Fisch","sentimentalisch",0.15626662332816,"masculine"
"de","masculine","Schmutz","allein",0.175395280438157,"masculine"
"de","masculine","Schmutz","männisch",0.211923254457359,"masculine"
"de","masculine","Schmutz","fraulich",0.0822015511191771,"masculine"
"de","masculine","Schmutz","zärtlich",0.131380771350293,"masculine"
"de","masculine","Schmutz","sterbend",0.197239958708555,"masculine"
"de","masculine","Schmutz","hochtechnologisch",0.152891257499761,"masculine"
"de","masculine","Schmutz","sentimentalisch",0.245001728444723,"masculine"
"de","masculine","Herd","allein",0.248843396623881,"masculine"
"de","masculine","Herd","männisch",0.244597449452959,"masculine"
"de","masculine","Herd","fraulich",0.138648765055568,"masculine"
"de","masculine","Herd","zärtlich",0.158042477156347,"masculine"
"de","masculine","Herd","sterbend",0.175526981242522,"masculine"
"de","masculine","Herd","hochtechnologisch",0.182101119568058,"masculine"
"de","masculine","Herd","sentimentalisch",0.166975048682576,"masculine"
"de","masculine","Sand","allein",0.239943990368821,"masculine"
"de","masculine","Sand","männisch",0.284802117665475,"masculine"
"de","masculine","Sand","fraulich",0.074996429761406,"masculine"
"de","masculine","Sand","zärtlich",0.184187614725736,"masculine"
"de","masculine","Sand","sterbend",0.227779224825545,"masculine"
"de","masculine","Sand","hochtechnologisch",0.223950595331203,"masculine"
"de","masculine","Sand","sentimentalisch",0.193885499193436,"masculine"
"de","masculine","Kasten","allein",0.221149085728702,"masculine"
"de","masculine","Kasten","männisch",0.324007327888184,"masculine"
"de","masculine","Kasten","fraulich",0.113075412620243,"masculine"
"de","masculine","Kasten","zärtlich",0.10446840429013,"masculine"
"de","masculine","Kasten","sterbend",0.202565808428948,"masculine"
"de","masculine","Kasten","hochtechnologisch",0.216516485898847,"masculine"
"de","masculine","Kasten","sentimentalisch",0.239397881934011,"masculine"
"de","masculine","Schlafanzug","allein",0.256638113735189,"masculine"
"de","masculine","Schlafanzug","männisch",0.275542291880346,"masculine"
"de","masculine","Schlafanzug","fraulich",0.236183326349778,"masculine"
"de","masculine","Schlafanzug","zärtlich",0.209578455132402,"masculine"
"de","masculine","Schlafanzug","sterbend",0.240698107792105,"masculine"
"de","masculine","Schlafanzug","hochtechnologisch",0.162125207259212,"masculine"
"de","masculine","Schlafanzug","sentimentalisch",0.270352279996446,"masculine"
"de","masculine","Käfig","allein",0.269729736722955,"masculine"
"de","masculine","Käfig","männisch",0.26060080591928,"masculine"
"de","masculine","Käfig","fraulich",0.120174566127865,"masculine"
"de","masculine","Käfig","zärtlich",0.213402421719441,"masculine"
"de","masculine","Käfig","sterbend",0.258041090390438,"masculine"
"de","masculine","Käfig","hochtechnologisch",0.184751549962671,"masculine"
"de","masculine","Käfig","sentimentalisch",0.202947312414337,"masculine"
"de","masculine","Stern","allein",0.250218900840704,"masculine"
"de","masculine","Stern","männisch",0.274419422611088,"masculine"
"de","masculine","Stern","fraulich",0.142086182800711,"masculine"
"de","masculine","Stern","zärtlich",0.11520220484942,"masculine"
"de","masculine","Stern","sterbend",0.222894388139068,"masculine"
"de","masculine","Stern","hochtechnologisch",0.24710852348998,"masculine"
"de","masculine","Stern","sentimentalisch",0.236204896616165,"masculine"
"de","masculine","Stuhl","allein",0.246833410976801,"masculine"
"de","masculine","Stuhl","männisch",0.220504697439962,"masculine"
"de","masculine","Stuhl","fraulich",0.134945687053143,"masculine"
"de","masculine","Stuhl","zärtlich",0.115233334381608,"masculine"
"de","masculine","Stuhl","sterbend",0.322972943760921,"masculine"
"de","masculine","Stuhl","hochtechnologisch",0.253563897305229,"masculine"
"de","masculine","Stuhl","sentimentalisch",0.217206543323903,"masculine"
"de","masculine","Film","allein",0.203315419254171,"masculine"
"de","masculine","Film","männisch",0.292155582711087,"masculine"
"de","masculine","Film","fraulich",0.119023187211167,"masculine"
"de","masculine","Film","zärtlich",0.149160044918688,"masculine"
"de","masculine","Film","sterbend",0.197909395296771,"masculine"
"de","masculine","Film","hochtechnologisch",0.282908902407039,"masculine"
"de","masculine","Film","sentimentalisch",0.312102334578216,"masculine"
"de","masculine","Flügel","allein",0.138538444211284,"masculine"
"de","masculine","Flügel","männisch",0.296652714565868,"masculine"
"de","masculine","Flügel","fraulich",0.149527191797322,"masculine"
"de","masculine","Flügel","zärtlich",0.242718257149421,"masculine"
"de","masculine","Flügel","sterbend",0.186086977899001,"masculine"
"de","masculine","Flügel","hochtechnologisch",0.166354651931028,"masculine"
"de","masculine","Flügel","sentimentalisch",0.163660953012342,"masculine"
"de","masculine","Fingernagel","allein",0.210096069069815,"masculine"
"de","masculine","Fingernagel","männisch",0.247574586670402,"masculine"
"de","masculine","Fingernagel","fraulich",0.123793162746359,"masculine"
"de","masculine","Fingernagel","zärtlich",0.285675861678763,"masculine"
"de","masculine","Fingernagel","sterbend",0.204394804310739,"masculine"
"de","masculine","Fingernagel","hochtechnologisch",0.154874531383147,"masculine"
"de","masculine","Fingernagel","sentimentalisch",0.178559389718889,"masculine"
"de","masculine","Kopf","allein",0.385920598716795,"masculine"
"de","masculine","Kopf","männisch",0.243817338269296,"masculine"
"de","masculine","Kopf","fraulich",0.172292999333877,"masculine"
"de","masculine","Kopf","zärtlich",0.234565251244112,"masculine"
"de","masculine","Kopf","sterbend",0.275534020328225,"masculine"
"de","masculine","Kopf","hochtechnologisch",0.194322776706646,"masculine"
"de","masculine","Kopf","sentimentalisch",0.213939233891298,"masculine"
"de","masculine","Schlüssel","allein",0.281173842171438,"masculine"
"de","masculine","Schlüssel","männisch",0.217443750417161,"masculine"
"de","masculine","Schlüssel","fraulich",0.0751122679058101,"masculine"
"de","masculine","Schlüssel","zärtlich",0.0951933728524091,"masculine"
"de","masculine","Schlüssel","sterbend",0.187463670623746,"masculine"
"de","masculine","Schlüssel","hochtechnologisch",0.232818232834943,"masculine"
"de","masculine","Schlüssel","sentimentalisch",0.201962358310275,"masculine"
"de","masculine","Bauch","allein",0.290816467006717,"masculine"
"de","masculine","Bauch","männisch",0.336680510146536,"masculine"
"de","masculine","Bauch","fraulich",0.28316727721755,"masculine"
"de","masculine","Bauch","zärtlich",0.279283235398336,"masculine"
"de","masculine","Bauch","sterbend",0.298759620088294,"masculine"
"de","masculine","Bauch","hochtechnologisch",0.189899127264487,"masculine"
"de","masculine","Bauch","sentimentalisch",0.221886107136213,"masculine"
"de","feminine","Gabel","allein",0.0978327633733356,"masculine"
"de","feminine","Gabel","männisch",0.225376776140295,"masculine"
"de","feminine","Gabel","fraulich",0.162665123339639,"masculine"
"de","feminine","Gabel","zärtlich",0.206172059229387,"masculine"
"de","feminine","Gabel","sterbend",0.144815620403421,"masculine"
"de","feminine","Gabel","hochtechnologisch",0.195133927099197,"masculine"
"de","feminine","Gabel","sentimentalisch",0.15297966683751,"masculine"
"de","feminine","Maus","allein",0.264097549986865,"masculine"
"de","feminine","Maus","männisch",0.205363457543676,"masculine"
"de","feminine","Maus","fraulich",0.167823223113054,"masculine"
"de","feminine","Maus","zärtlich",0.247737073485088,"masculine"
"de","feminine","Maus","sterbend",0.122520758957855,"masculine"
"de","feminine","Maus","hochtechnologisch",0.22529637602813,"masculine"
"de","feminine","Maus","sentimentalisch",0.157442601944367,"masculine"
"de","feminine","Katze","allein",0.258560862823401,"masculine"
"de","feminine","Katze","männisch",0.268267998259914,"masculine"
"de","feminine","Katze","fraulich",0.222359175436001,"masculine"
"de","feminine","Katze","zärtlich",0.287593059017819,"masculine"
"de","feminine","Katze","sterbend",0.220750746626693,"masculine"
"de","feminine","Katze","hochtechnologisch",0.22513529670585,"masculine"
"de","feminine","Katze","sentimentalisch",0.228646629883461,"masculine"
"de","feminine","Socke","allein",0.186147133311412,"masculine"
"de","feminine","Socke","männisch",0.23541376397702,"masculine"
"de","feminine","Socke","fraulich",0.185515337350375,"masculine"
"de","feminine","Socke","zärtlich",0.151276936943941,"masculine"
"de","feminine","Socke","sterbend",0.132282883960648,"masculine"
"de","feminine","Socke","hochtechnologisch",0.188993013797895,"masculine"
"de","feminine","Socke","sentimentalisch",0.1703355287159,"masculine"
"de","feminine","Unterhose","allein",0.205165271055261,"masculine"
"de","feminine","Unterhose","männisch",0.221706909862121,"masculine"
"de","feminine","Unterhose","fraulich",0.232567660932453,"masculine"
"de","feminine","Unterhose","zärtlich",0.16626303956006,"masculine"
"de","feminine","Unterhose","sterbend",0.191339152236693,"masculine"
"de","feminine","Unterhose","hochtechnologisch",0.228797884184889,"masculine"
"de","feminine","Unterhose","sentimentalisch",0.228341567302402,"masculine"
"de","feminine","Hose","allein",0.208021574324479,"masculine"
"de","feminine","Hose","männisch",0.265313324744773,"masculine"
"de","feminine","Hose","fraulich",0.279656477325716,"masculine"
"de","feminine","Hose","zärtlich",0.203654547452204,"masculine"
"de","feminine","Hose","sterbend",0.189000174079035,"masculine"
"de","feminine","Hose","hochtechnologisch",0.199487729765561,"masculine"
"de","feminine","Hose","sentimentalisch",0.195759190275335,"masculine"
"de","feminine","Sonne","allein",0.284793704291217,"masculine"
"de","feminine","Sonne","männisch",0.321129886420604,"masculine"
"de","feminine","Sonne","fraulich",0.167894171112004,"masculine"
"de","feminine","Sonne","zärtlich",0.2084672891821,"masculine"
"de","feminine","Sonne","sterbend",0.234092967329868,"masculine"
"de","feminine","Sonne","hochtechnologisch",0.254799174919658,"masculine"
"de","feminine","Sonne","sentimentalisch",0.222015881448173,"masculine"
"de","feminine","Uhr","allein",0.221393276432652,"masculine"
"de","feminine","Uhr","männisch",0.230757831592121,"masculine"
"de","feminine","Uhr","fraulich",0.14170646819605,"masculine"
"de","feminine","Uhr","zärtlich",0.154644119551497,"masculine"
"de","feminine","Uhr","sterbend",0.127629970988048,"masculine"
"de","feminine","Uhr","hochtechnologisch",0.184665829791368,"masculine"
"de","feminine","Uhr","sentimentalisch",0.223624347538162,"masculine"
"de","feminine","Kommode","allein",0.0868565607287252,"masculine"
"de","feminine","Kommode","männisch",0.232713562451714,"masculine"
"de","feminine","Kommode","fraulich",0.212816473068028,"masculine"
"de","feminine","Kommode","zärtlich",0.199228314594065,"masculine"
"de","feminine","Kommode","sterbend",0.167848404763308,"masculine"
"de","feminine","Kommode","hochtechnologisch",0.183101960150791,"masculine"
"de","feminine","Kommode","sentimentalisch",0.201030795368707,"masculine"
"de","feminine","Trommel","allein",0.164826882324325,"masculine"
"de","feminine","Trommel","männisch",0.197442564852781,"masculine"
"de","feminine","Trommel","fraulich",0.0459593780280444,"masculine"
"de","feminine","Trommel","zärtlich",0.1631640365168,"masculine"
"de","feminine","Trommel","sterbend",0.124927570425563,"masculine"
"de","feminine","Trommel","hochtechnologisch",0.159456068329016,"masculine"
"de","feminine","Trommel","sentimentalisch",0.14050772908991,"masculine"
"de","feminine","Schulter","allein",0.159288816024554,"masculine"
"de","feminine","Schulter","männisch",0.222526781420543,"masculine"
"de","feminine","Schulter","fraulich",0.202543511647066,"masculine"
"de","feminine","Schulter","zärtlich",0.258193605681796,"masculine"
"de","feminine","Schulter","sterbend",0.201937094917521,"masculine"
"de","feminine","Schulter","hochtechnologisch",0.167755786344194,"masculine"
"de","feminine","Schulter","sentimentalisch",0.228326031421556,"masculine"
"de","feminine","Couch","allein",0.266229822613927,"masculine"
"de","feminine","Couch","männisch",0.24207617320668,"masculine"
"de","feminine","Couch","fraulich",0.150470374509677,"masculine"
"de","feminine","Couch","zärtlich",0.211372305818108,"masculine"
"de","feminine","Couch","sterbend",0.214443501985985,"masculine"
"de","feminine","Couch","hochtechnologisch",0.17422805014255,"masculine"
"de","feminine","Couch","sentimentalisch",0.20204343953275,"masculine"
"de","feminine","Matratze","allein",0.128726669871787,"masculine"
"de","feminine","Matratze","männisch",0.223411775927751,"masculine"
"de","feminine","Matratze","fraulich",0.144618246878252,"masculine"
"de","feminine","Matratze","zärtlich",0.199662905819004,"masculine"
"de","feminine","Matratze","sterbend",0.185733090576528,"masculine"
"de","feminine","Matratze","hochtechnologisch",0.193321034176686,"masculine"
"de","feminine","Matratze","sentimentalisch",0.147313960865011,"masculine"
"de","feminine","Wippe","allein",0.181832146867606,"masculine"
"de","feminine","Wippe","männisch",0.136641403397255,"masculine"
"de","feminine","Wippe","fraulich",0.0660136879994858,"masculine"
"de","feminine","Wippe","zärtlich",0.206847787593602,"masculine"
"de","feminine","Wippe","sterbend",0.106888698845997,"masculine"
"de","feminine","Wippe","hochtechnologisch",0.10350353781608,"masculine"
"de","feminine","Wippe","sentimentalisch",0.097982590933903,"masculine"
"de","feminine","Halskette","allein",0.107449035868144,"masculine"
"de","feminine","Halskette","männisch",0.177343983452581,"masculine"
"de","feminine","Halskette","fraulich",0.252087392161404,"masculine"
"de","feminine","Halskette","zärtlich",0.20358826872587,"masculine"
"de","feminine","Halskette","sterbend",0.162945927597173,"masculine"
"de","feminine","Halskette","hochtechnologisch",0.186306094545346,"masculine"
"de","feminine","Halskette","sentimentalisch",0.183956819751258,"masculine"
"de","feminine","Decke","allein",0.269261253717427,"masculine"
"de","feminine","Decke","männisch",0.248767347218637,"masculine"
"de","feminine","Decke","fraulich",0.139760424607421,"masculine"
"de","feminine","Decke","zärtlich",0.164106710129955,"masculine"
"de","feminine","Decke","sterbend",0.216756958758421,"masculine"
"de","feminine","Decke","hochtechnologisch",0.214191014908868,"masculine"
"de","feminine","Decke","sentimentalisch",0.215869075090121,"masculine"
"de","feminine","Scheune","allein",0.165406239631488,"masculine"
"de","feminine","Scheune","männisch",0.247551654369308,"masculine"
"de","feminine","Scheune","fraulich",0.0928167464385778,"masculine"
"de","feminine","Scheune","zärtlich",0.137540344775948,"masculine"
"de","feminine","Scheune","sterbend",0.194730379152885,"masculine"
"de","feminine","Scheune","hochtechnologisch",0.148725990541221,"masculine"
"de","feminine","Scheune","sentimentalisch",0.174391968644407,"masculine"
"de","feminine","Brücke","allein",0.215559370099926,"masculine"
"de","feminine","Brücke","männisch",0.227464684641217,"masculine"
"de","feminine","Brücke","fraulich",0.0568751157992991,"masculine"
"de","feminine","Brücke","zärtlich",0.16081919202037,"masculine"
"de","feminine","Brücke","sterbend",0.229298439091964,"masculine"
"de","feminine","Brücke","hochtechnologisch",0.198805305304193,"masculine"
"de","feminine","Brücke","sentimentalisch",0.134572701345743,"masculine"
"de","masculine","Mond","mütterlich",0.213453772876087,"feminine"
"de","masculine","Mond","ungestalt",0.222199346915569,"feminine"
"de","masculine","Mond","spindeldürr",0.107393961754686,"feminine"
"de","masculine","Mond","bildhübsch",0.127443815610707,"feminine"
"de","masculine","Mond","beruflich",0.135847611685087,"feminine"
"de","masculine","Regen","mütterlich",0.107006894667529,"feminine"
"de","masculine","Regen","ungestalt",0.16825838345662,"feminine"
"de","masculine","Regen","spindeldürr",0.0423337982854598,"feminine"
"de","masculine","Regen","bildhübsch",0.0541655367287885,"feminine"
"de","masculine","Regen","beruflich",0.197031763740623,"feminine"
"de","masculine","Schmetterling","mütterlich",0.214013484427541,"feminine"
"de","masculine","Schmetterling","ungestalt",0.21734930602972,"feminine"
"de","masculine","Schmetterling","spindeldürr",0.16978790090701,"feminine"
"de","masculine","Schmetterling","bildhübsch",0.200574733568655,"feminine"
"de","masculine","Schmetterling","beruflich",0.127139730469973,"feminine"
"de","masculine","Fisch","mütterlich",0.183716783079072,"feminine"
"de","masculine","Fisch","ungestalt",0.174917386722345,"feminine"
"de","masculine","Fisch","spindeldürr",0.149502832811593,"feminine"
"de","masculine","Fisch","bildhübsch",0.129591488050305,"feminine"
"de","masculine","Fisch","beruflich",0.108572776999225,"feminine"
"de","masculine","Schmutz","mütterlich",0.145328837542765,"feminine"
"de","masculine","Schmutz","ungestalt",0.121759101328072,"feminine"
"de","masculine","Schmutz","spindeldürr",0.114585604366439,"feminine"
"de","masculine","Schmutz","bildhübsch",0.0953804823929633,"feminine"
"de","masculine","Schmutz","beruflich",0.164093760359636,"feminine"
"de","masculine","Herd","mütterlich",0.213686445288147,"feminine"
"de","masculine","Herd","ungestalt",0.169364184058002,"feminine"
"de","masculine","Herd","spindeldürr",0.153925306138153,"feminine"
"de","masculine","Herd","bildhübsch",0.0718249701147908,"feminine"
"de","masculine","Herd","beruflich",0.181155725731754,"feminine"
"de","masculine","Sand","mütterlich",0.0832880877498156,"feminine"
"de","masculine","Sand","ungestalt",0.201340733573139,"feminine"
"de","masculine","Sand","spindeldürr",0.0466610988378663,"feminine"
"de","masculine","Sand","bildhübsch",0.0785991029575304,"feminine"
"de","masculine","Sand","beruflich",0.129921865219582,"feminine"
"de","masculine","Kasten","mütterlich",0.131812710318824,"feminine"
"de","masculine","Kasten","ungestalt",0.259565650433117,"feminine"
"de","masculine","Kasten","spindeldürr",0.142533635552884,"feminine"
"de","masculine","Kasten","bildhübsch",0.104657414975091,"feminine"
"de","masculine","Kasten","beruflich",0.0951772921179136,"feminine"
"de","masculine","Schlafanzug","mütterlich",0.186441423102287,"feminine"
"de","masculine","Schlafanzug","ungestalt",0.217843588809519,"feminine"
"de","masculine","Schlafanzug","spindeldürr",0.221392249321988,"feminine"
"de","masculine","Schlafanzug","bildhübsch",0.122351867668676,"feminine"
"de","masculine","Schlafanzug","beruflich",0.106383818520131,"feminine"
"de","masculine","Käfig","mütterlich",0.146258676903322,"feminine"
"de","masculine","Käfig","ungestalt",0.289608557136973,"feminine"
"de","masculine","Käfig","spindeldürr",0.218728571080387,"feminine"
"de","masculine","Käfig","bildhübsch",0.108950372844813,"feminine"
"de","masculine","Käfig","beruflich",0.148050791307678,"feminine"
"de","masculine","Stern","mütterlich",0.151459594458757,"feminine"
"de","masculine","Stern","ungestalt",0.234092185140386,"feminine"
"de","masculine","Stern","spindeldürr",0.1156553156448,"feminine"
"de","masculine","Stern","bildhübsch",0.11462570625548,"feminine"
"de","masculine","Stern","beruflich",0.108230129464198,"feminine"
"de","masculine","Stuhl","mütterlich",0.18838199879537,"feminine"
"de","masculine","Stuhl","ungestalt",0.227575313608665,"feminine"
"de","masculine","Stuhl","spindeldürr",0.188422679796469,"feminine"
"de","masculine","Stuhl","bildhübsch",0.0621453025725818,"feminine"
"de","masculine","Stuhl","beruflich",0.165444908403595,"feminine"
"de","masculine","Film","mütterlich",0.0637385958664367,"feminine"
"de","masculine","Film","ungestalt",0.203791072760327,"feminine"
"de","masculine","Film","spindeldürr",0.0768431363710406,"feminine"
"de","masculine","Film","bildhübsch",0.0999371276095647,"feminine"
"de","masculine","Film","beruflich",0.143962138170742,"feminine"
"de","masculine","Flügel","mütterlich",0.19150216148242,"feminine"
"de","masculine","Flügel","ungestalt",0.214341739854583,"feminine"
"de","masculine","Flügel","spindeldürr",0.161238311120539,"feminine"
"de","masculine","Flügel","bildhübsch",0.102258945686692,"feminine"
"de","masculine","Flügel","beruflich",0.116035821283522,"feminine"
"de","masculine","Fingernagel","mütterlich",0.230465195284647,"feminine"
"de","masculine","Fingernagel","ungestalt",0.164537626070462,"feminine"
"de","masculine","Fingernagel","spindeldürr",0.211528134015294,"feminine"
"de","masculine","Fingernagel","bildhübsch",0.0765058981178255,"feminine"
"de","masculine","Fingernagel","beruflich",0.181562527686713,"feminine"
"de","masculine","Kopf","mütterlich",0.178549164188622,"feminine"
"de","masculine","Kopf","ungestalt",0.260107136403771,"feminine"
"de","masculine","Kopf","spindeldürr",0.232564375165059,"feminine"
"de","masculine","Kopf","bildhübsch",0.0861083507147316,"feminine"
"de","masculine","Kopf","beruflich",0.184840090047592,"feminine"
"de","masculine","Schlüssel","mütterlich",0.114554516571806,"feminine"
"de","masculine","Schlüssel","ungestalt",0.238913588597628,"feminine"
"de","masculine","Schlüssel","spindeldürr",0.0288280952989075,"feminine"
"de","masculine","Schlüssel","bildhübsch",0.0607210015387298,"feminine"
"de","masculine","Schlüssel","beruflich",0.193821579611095,"feminine"
"de","masculine","Bauch","mütterlich",0.265213948501818,"feminine"
"de","masculine","Bauch","ungestalt",0.223325800597078,"feminine"
"de","masculine","Bauch","spindeldürr",0.289854402544742,"feminine"
"de","masculine","Bauch","bildhübsch",0.159034600562306,"feminine"
"de","masculine","Bauch","beruflich",0.1375553157285,"feminine"
"de","feminine","Gabel","mütterlich",0.140679957730193,"feminine"
"de","feminine","Gabel","ungestalt",0.208761224334163,"feminine"
"de","feminine","Gabel","spindeldürr",0.2365723931314,"feminine"
"de","feminine","Gabel","bildhübsch",0.118320780604595,"feminine"
"de","feminine","Gabel","beruflich",0.0882098827294445,"feminine"
"de","feminine","Maus","mütterlich",0.20474013366907,"feminine"
"de","feminine","Maus","ungestalt",0.264014641849677,"feminine"
"de","feminine","Maus","spindeldürr",0.193772360080969,"feminine"
"de","feminine","Maus","bildhübsch",0.176108961342638,"feminine"
"de","feminine","Maus","beruflich",0.115545329275494,"feminine"
"de","feminine","Katze","mütterlich",0.232381397344811,"feminine"
"de","feminine","Katze","ungestalt",0.290628080866221,"feminine"
"de","feminine","Katze","spindeldürr",0.252139283969582,"feminine"
"de","feminine","Katze","bildhübsch",0.219004910824312,"feminine"
"de","feminine","Katze","beruflich",0.151381331334756,"feminine"
"de","feminine","Socke","mütterlich",0.140920503094866,"feminine"
"de","feminine","Socke","ungestalt",0.195860946054005,"feminine"
"de","feminine","Socke","spindeldürr",0.200222622785601,"feminine"
"de","feminine","Socke","bildhübsch",0.146371990368544,"feminine"
"de","feminine","Socke","beruflich",0.107693666725984,"feminine"
"de","feminine","Unterhose","mütterlich",0.138600226234364,"feminine"
"de","feminine","Unterhose","ungestalt",0.279222351031837,"feminine"
"de","feminine","Unterhose","spindeldürr",0.293678991006542,"feminine"
"de","feminine","Unterhose","bildhübsch",0.099989802549003,"feminine"
"de","feminine","Unterhose","beruflich",0.108041362515203,"feminine"
"de","feminine","Hose","mütterlich",0.138059528887899,"feminine"
"de","feminine","Hose","ungestalt",0.297964296302411,"feminine"
"de","feminine","Hose","spindeldürr",0.261060758326466,"feminine"
"de","feminine","Hose","bildhübsch",0.158898332320445,"feminine"
"de","feminine","Hose","beruflich",0.147330970169045,"feminine"
"de","feminine","Sonne","mütterlich",0.21708554443675,"feminine"
"de","feminine","Sonne","ungestalt",0.28673596313832,"feminine"
"de","feminine","Sonne","spindeldürr",0.130215746800943,"feminine"
"de","feminine","Sonne","bildhübsch",0.148832070796647,"feminine"
"de","feminine","Sonne","beruflich",0.159067838958149,"feminine"
"de","feminine","Uhr","mütterlich",0.136323546788566,"feminine"
"de","feminine","Uhr","ungestalt",0.223720477464513,"feminine"
"de","feminine","Uhr","spindeldürr",0.0616643163516412,"feminine"
"de","feminine","Uhr","bildhübsch",0.0440089188394176,"feminine"
"de","feminine","Uhr","beruflich",0.166459098912074,"feminine"
"de","feminine","Kommode","mütterlich",0.120585835436755,"feminine"
"de","feminine","Kommode","ungestalt",0.215327158656901,"feminine"
"de","feminine","Kommode","spindeldürr",0.169318084920595,"feminine"
"de","feminine","Kommode","bildhübsch",0.171560278821712,"feminine"
"de","feminine","Kommode","beruflich",0.0938479982887763,"feminine"
"de","feminine","Trommel","mütterlich",0.13251608247403,"feminine"
"de","feminine","Trommel","ungestalt",0.150067948749323,"feminine"
"de","feminine","Trommel","spindeldürr",0.0824503427231063,"feminine"
"de","feminine","Trommel","bildhübsch",-0.00851959990502216,"feminine"
"de","feminine","Trommel","beruflich",0.0783592162069793,"feminine"
"de","feminine","Schulter","mütterlich",0.228225941811256,"feminine"
"de","feminine","Schulter","ungestalt",0.246975149009351,"feminine"
"de","feminine","Schulter","spindeldürr",0.199515442721332,"feminine"
"de","feminine","Schulter","bildhübsch",0.0968423646594731,"feminine"
"de","feminine","Schulter","beruflich",0.136797286926784,"feminine"
"de","feminine","Couch","mütterlich",0.1437420741361,"feminine"
"de","feminine","Couch","ungestalt",0.256395279175533,"feminine"
"de","feminine","Couch","spindeldürr",0.191847477128944,"feminine"
"de","feminine","Couch","bildhübsch",0.120731553389542,"feminine"
"de","feminine","Couch","beruflich",0.199028343438666,"feminine"
"de","feminine","Matratze","mütterlich",0.119969318342714,"feminine"
"de","feminine","Matratze","ungestalt",0.208489177431249,"feminine"
"de","feminine","Matratze","spindeldürr",0.174541761800206,"feminine"
"de","feminine","Matratze","bildhübsch",0.048121832168952,"feminine"
"de","feminine","Matratze","beruflich",0.100613142502145,"feminine"
"de","feminine","Wippe","mütterlich",0.100685618150703,"feminine"
"de","feminine","Wippe","ungestalt",0.184494300083854,"feminine"
"de","feminine","Wippe","spindeldürr",0.103778083507394,"feminine"
"de","feminine","Wippe","bildhübsch",0.0690761398400541,"feminine"
"de","feminine","Wippe","beruflich",0.0320220505923565,"feminine"
"de","feminine","Halskette","mütterlich",0.167450961312312,"feminine"
"de","feminine","Halskette","ungestalt",0.259455054781854,"feminine"
"de","feminine","Halskette","spindeldürr",0.170218581082574,"feminine"
"de","feminine","Halskette","bildhübsch",0.183949736899775,"feminine"
"de","feminine","Halskette","beruflich",0.0657095906317516,"feminine"
"de","feminine","Decke","mütterlich",0.103050575516188,"feminine"
"de","feminine","Decke","ungestalt",0.251475548133242,"feminine"
"de","feminine","Decke","spindeldürr",0.134092850832446,"feminine"
"de","feminine","Decke","bildhübsch",0.0356348969443734,"feminine"
"de","feminine","Decke","beruflich",0.0995271720856852,"feminine"
"de","feminine","Scheune","mütterlich",0.0381976506214488,"feminine"
"de","feminine","Scheune","ungestalt",0.267669166878685,"feminine"
"de","feminine","Scheune","spindeldürr",0.115792804133265,"feminine"
"de","feminine","Scheune","bildhübsch",0.084762123300652,"feminine"
"de","feminine","Scheune","beruflich",0.112174697405178,"feminine"
"de","feminine","Brücke","mütterlich",0.0183575953662652,"feminine"
"de","feminine","Brücke","ungestalt",0.224139449148563,"feminine"
"de","feminine","Brücke","spindeldürr",0.0067239055132248,"feminine"
"de","feminine","Brücke","bildhübsch",0.0596538253631171,"feminine"
"de","feminine","Brücke","beruflich",0.140163145433377,"feminine"
